,County,Month,Sales,Type
0,Adams,2014-01-01,683098.0,Medical
1,Alamosa,2014-01-01,,Medical
2,Arapahoe,2014-01-01,1188232.0,Medical
3,Archuleta,2014-01-01,,Medical
4,Boulder,2014-01-01,3417873.0,Medical
5,Chaffee,2014-01-01,83714.0,Medical
6,Clear Creek,2014-01-01,143736.0,Medical
7,Costilla,2014-01-01,,Medical
8,Denver,2014-01-01,15351083.0,Medical
9,Eagle,2014-01-01,203060.0,Medical
10,El Paso,2014-01-01,4923633.0,Medical
11,Fremont,2014-01-01,134388.0,Medical
12,Garfield,2014-01-01,396086.0,Medical
13,Gilpin,2014-01-01,28798.0,Medical
14,Grand,2014-01-01,,Medical
15,Gunnison,2014-01-01,36244.0,Medical
16,Jefferson,2014-01-01,1979386.0,Medical
17,La Plata,2014-01-01,523193.0,Medical
18,Larimer,2014-01-01,964948.0,Medical
19,Mesa,2014-01-01,,Medical
20,Moffat,2014-01-01,,Medical
21,Montezuma,2014-01-01,100634.0,Medical
22,Montrose,2014-01-01,,Medical
23,Ouray,2014-01-01,,Medical
24,Park,2014-01-01,,Medical
25,Pitkin,2014-01-01,194865.0,Medical
26,Pueblo,2014-01-01,419894.0,Medical
27,Routt,2014-01-01,239509.0,Medical
28,San Miguel,2014-01-01,164384.0,Medical
29,Sedgwick,2014-01-01,,Medical
30,Adams,2014-01-01,,Retail
31,Clear Creek,2014-01-01,459640.0,Retail
32,Denver,2014-01-01,8482593.0,Retail
33,Garfield,2014-01-01,,Retail
34,Gilpin,2014-01-01,197379.0,Retail
35,Gunnison,2014-01-01,,Retail
36,Jefferson,2014-01-01,853675.0,Retail
37,Lake,2014-01-01,,Retail
38,Ouray,2014-01-01,,Retail
39,Park,2014-01-01,,Retail
40,Pueblo,2014-01-01,,Retail
41,Routt,2014-01-01,,Retail
42,San Miguel,2014-01-01,338934.0,Retail
43,Summit,2014-01-01,1274208.0,Retail
44,Weld,2014-01-01,,Retail
0,Adams,2014-02-01,454940.0,Medical
1,Alamosa,2014-02-01,,Medical
2,Arapahoe,2014-02-01,1210155.0,Medical
3,Archuleta,2014-02-01,,Medical
4,Boulder,2014-02-01,3345413.0,Medical
5,Chaffee,2014-02-01,,Medical
6,Clear Creek,2014-02-01,111164.0,Medical
7,Costilla,2014-02-01,,Medical
8,Denver,2014-02-01,14680476.0,Medical
9,Eagle,2014-02-01,185360.0,Medical
10,El Paso,2014-02-01,5116438.0,Medical
11,Fremont,2014-02-01,215839.0,Medical
12,Garfield,2014-02-01,373432.0,Medical
13,Gilpin,2014-02-01,32325.0,Medical
14,Grand,2014-02-01,,Medical
15,Gunnison,2014-02-01,,Medical
16,Jefferson,2014-02-01,2044484.0,Medical
17,La Plata,2014-02-01,521985.0,Medical
18,Larimer,2014-02-01,1009841.0,Medical
19,Mesa,2014-02-01,,Medical
20,Moffat,2014-02-01,,Medical
21,Montezuma,2014-02-01,103266.0,Medical
22,Montrose,2014-02-01,,Medical
23,Ouray,2014-02-01,,Medical
24,Park,2014-02-01,,Medical
25,Pitkin,2014-02-01,161237.0,Medical
26,Pueblo,2014-02-01,418489.0,Medical
27,Routt,2014-02-01,209165.0,Medical
28,San Miguel,2014-02-01,94099.0,Medical
29,Sedgwick,2014-02-01,,Medical
30,Adams,2014-02-01,,Retail
31,Boulder,2014-02-01,,Retail
32,Clear Creek,2014-02-01,445976.0,Retail
33,Denver,2014-02-01,8349069.0,Retail
34,Garfield,2014-02-01,,Retail
35,Gilpin,2014-02-01,113337.0,Retail
36,Gunnison,2014-02-01,,Retail
37,Jefferson,2014-02-01,880367.0,Retail
38,Lake,2014-02-01,,Retail
39,Ouray,2014-02-01,,Retail
40,Park,2014-02-01,,Retail
41,Pueblo,2014-02-01,823156.0,Retail
42,Routt,2014-02-01,,Retail
43,San Miguel,2014-02-01,230470.0,Retail
44,Summit,2014-02-01,1063383.0,Retail
45,Weld,2014-02-01,,Retail
0,Adams,2014-03-01,477275.0,Medical
1,Alamosa,2014-03-01,,Medical
2,Arapahoe,2014-03-01,1490219.0,Medical
3,Archuleta,2014-03-01,,Medical
4,Boulder,2014-03-01,3505875.0,Medical
5,Chaffee,2014-03-01,,Medical
6,Clear Creek,2014-03-01,106955.0,Medical
7,Costilla,2014-03-01,,Medical
8,Denver,2014-03-01,16102218.0,Medical
9,Eagle,2014-03-01,201147.0,Medical
10,El Paso,2014-03-01,5929766.0,Medical
11,Fremont,2014-03-01,222270.0,Medical
12,Garfield,2014-03-01,401766.0,Medical
13,Gilpin,2014-03-01,33416.0,Medical
14,Grand,2014-03-01,,Medical
15,Gunnison,2014-03-01,,Medical
16,Jefferson,2014-03-01,2014285.0,Medical
17,La Plata,2014-03-01,587114.0,Medical
18,Larimer,2014-03-01,1234344.0,Medical
19,Mesa,2014-03-01,,Medical
20,Moffat,2014-03-01,,Medical
21,Montezuma,2014-03-01,,Medical
22,Montrose,2014-03-01,,Medical
23,Ouray,2014-03-01,,Medical
24,Park,2014-03-01,,Medical
25,Pitkin,2014-03-01,157541.0,Medical
26,Pueblo,2014-03-01,375711.0,Medical
27,Routt,2014-03-01,214650.0,Medical
28,Saguache,2014-03-01,,Medical
29,San Miguel,2014-03-01,75215.0,Medical
30,Adams,2014-03-01,,Retail
31,Boulder,2014-03-01,1396479.0,Retail
32,Clear Creek,2014-03-01,524541.0,Retail
33,Denver,2014-03-01,10746117.0,Retail
34,Garfield,2014-03-01,,Retail
35,Gilpin,2014-03-01,131685.0,Retail
36,Gunnison,2014-03-01,,Retail
37,Jefferson,2014-03-01,1056723.0,Retail
38,Lake,2014-03-01,,Retail
39,Ouray,2014-03-01,,Retail
40,Park,2014-03-01,,Retail
41,Pitkin,2014-03-01,,Retail
42,Pueblo,2014-03-01,1196018.0,Retail
43,Routt,2014-03-01,,Retail
44,San Miguel,2014-03-01,319620.0,Retail
45,Summit,2014-03-01,1427935.0,Retail
46,Weld,2014-03-01,,Retail
0,Adams,2014-04-01,452636.0,Medical
1,Alamosa,2014-04-01,,Medical
2,Arapahoe,2014-04-01,1517828.0,Medical
3,Archuleta,2014-04-01,,Medical
4,Boulder,2014-04-01,3136133.0,Medical
5,Chaffee,2014-04-01,,Medical
6,Clear Creek,2014-04-01,92791.0,Medical
7,Costilla,2014-04-01,,Medical
8,Denver,2014-04-01,15064678.0,Medical
9,Eagle,2014-04-01,178397.0,Medical
10,El Paso,2014-04-01,5535184.0,Medical
11,Fremont,2014-04-01,225243.0,Medical
12,Garfield,2014-04-01,371447.0,Medical
13,Gilpin,2014-04-01,43162.0,Medical
14,Grand,2014-04-01,,Medical
15,Gunnison,2014-04-01,,Medical
16,Jefferson,2014-04-01,2039086.0,Medical
17,La Plata,2014-04-01,613521.0,Medical
18,Larimer,2014-04-01,1162178.0,Medical
19,Mesa,2014-04-01,,Medical
20,Moffat,2014-04-01,,Medical
21,Montezuma,2014-04-01,108703.0,Medical
22,Montrose,2014-04-01,,Medical
23,Ouray,2014-04-01,,Medical
24,Park,2014-04-01,,Medical
25,Pitkin,2014-04-01,123525.0,Medical
26,Pueblo,2014-04-01,401959.0,Medical
27,Routt,2014-04-01,186308.0,Medical
28,San Miguel,2014-04-01,64107.0,Medical
29,Sedgwick,2014-04-01,,Medical
30,Adams,2014-04-01,,Retail
31,Boulder,2014-04-01,1835900.0,Retail
32,Clear Creek,2014-04-01,369117.0,Retail
33,Denver,2014-04-01,12005332.0,Retail
34,Garfield,2014-04-01,,Retail
35,Gilpin,2014-04-01,114408.0,Retail
36,Gunnison,2014-04-01,,Retail
37,Jefferson,2014-04-01,1368618.0,Retail
38,Lake,2014-04-01,,Retail
39,Larimer,2014-04-01,,Retail
40,Ouray,2014-04-01,,Retail
41,Park,2014-04-01,,Retail
42,Pitkin,2014-04-01,227021.0,Retail
43,Pueblo,2014-04-01,1132339.0,Retail
44,Routt,2014-04-01,,Retail
45,San Miguel,2014-04-01,188733.0,Retail
46,Summit,2014-04-01,757131.0,Retail
47,Weld,2014-04-01,521853.0,Retail
0,Adams,2014-05-01,467977.0,Medical
1,Alamosa,2014-05-01,,Medical
2,Arapahoe,2014-05-01,1511922.0,Medical
3,Archuleta,2014-05-01,,Medical
4,Boulder,2014-05-01,2823124.0,Medical
5,Chaffee,2014-05-01,88974.0,Medical
6,Clear Creek,2014-05-01,97349.0,Medical
7,Costilla,2014-05-01,,Medical
8,Denver,2014-05-01,14150620.0,Medical
9,Eagle,2014-05-01,146126.0,Medical
10,El Paso,2014-05-01,5518910.0,Medical
11,Fremont,2014-05-01,239918.0,Medical
12,Garfield,2014-05-01,434235.0,Medical
13,Gilpin,2014-05-01,42979.0,Medical
14,Grand,2014-05-01,,Medical
15,Gunnison,2014-05-01,,Medical
16,Jefferson,2014-05-01,2037535.0,Medical
17,La Plata,2014-05-01,561810.0,Medical
18,Larimer,2014-05-01,1116171.0,Medical
19,Mesa,2014-05-01,,Medical
20,Moffat,2014-05-01,,Medical
21,Montezuma,2014-05-01,120385.0,Medical
22,Montrose,2014-05-01,,Medical
23,Ouray,2014-05-01,,Medical
24,Park,2014-05-01,,Medical
25,Pitkin,2014-05-01,95001.0,Medical
26,Pueblo,2014-05-01,452196.0,Medical
27,Routt,2014-05-01,159620.0,Medical
28,San Miguel,2014-05-01,49679.0,Medical
29,Sedgwick,2014-05-01,,Medical
30,Adams,2014-05-01,,Retail
31,Boulder,2014-05-01,2354205.0,Retail
32,Clear Creek,2014-05-01,320076.0,Retail
33,Denver,2014-05-01,11300905.0,Retail
34,Eagle,2014-05-01,,Retail
35,Garfield,2014-05-01,292839.0,Retail
36,Gilpin,2014-05-01,116815.0,Retail
37,Gunnison,2014-05-01,,Retail
38,Jefferson,2014-05-01,1435895.0,Retail
39,Lake,2014-05-01,,Retail
40,Larimer,2014-05-01,,Retail
41,Ouray,2014-05-01,,Retail
42,Park,2014-05-01,,Retail
43,Pitkin,2014-05-01,185390.0,Retail
44,Pueblo,2014-05-01,1417017.0,Retail
45,Routt,2014-05-01,,Retail
46,San Miguel,2014-05-01,257276.0,Retail
47,Summit,2014-05-01,545898.0,Retail
48,Weld,2014-05-01,694205.0,Retail
0,Adams,2014-06-01,433176.0,Medical
1,Alamosa,2014-06-01,,Medical
2,Arapahoe,2014-06-01,1425313.0,Medical
3,Archuleta,2014-06-01,,Medical
4,Boulder,2014-06-01,2507058.0,Medical
5,Chaffee,2014-06-01,96647.0,Medical
6,Clear Creek,2014-06-01,97965.0,Medical
7,Costilla,2014-06-01,,Medical
8,Denver,2014-06-01,13476218.0,Medical
9,Eagle,2014-06-01,132878.0,Medical
10,El Paso,2014-06-01,5342494.0,Medical
11,Fremont,2014-06-01,228665.0,Medical
12,Garfield,2014-06-01,418280.0,Medical
13,Gilpin,2014-06-01,38278.0,Medical
14,Grand,2014-06-01,,Medical
15,Gunnison,2014-06-01,,Medical
16,Jefferson,2014-06-01,1889080.0,Medical
17,La Plata,2014-06-01,544589.0,Medical
18,Larimer,2014-06-01,1112079.0,Medical
19,Mesa,2014-06-01,,Medical
20,Moffat,2014-06-01,,Medical
21,Montezuma,2014-06-01,115548.0,Medical
22,Montrose,2014-06-01,,Medical
23,Ouray,2014-06-01,,Medical
24,Park,2014-06-01,,Medical
25,Pitkin,2014-06-01,110679.0,Medical
26,Pueblo,2014-06-01,403341.0,Medical
27,Routt,2014-06-01,,Medical
28,Saguache,2014-06-01,,Medical
29,San Miguel,2014-06-01,75455.0,Medical
30,Adams,2014-06-01,,Retail
31,Boulder,2014-06-01,2593735.0,Retail
32,Clear Creek,2014-06-01,396938.0,Retail
33,Denver,2014-06-01,12245778.0,Retail
34,Eagle,2014-06-01,,Retail
35,Garfield,2014-06-01,392391.0,Retail
36,Gilpin,2014-06-01,145630.0,Retail
37,Gunnison,2014-06-01,,Retail
38,Jefferson,2014-06-01,1445315.0,Retail
39,Lake,2014-06-01,,Retail
40,Larimer,2014-06-01,,Retail
41,Ouray,2014-06-01,,Retail
42,Park,2014-06-01,,Retail
43,Pitkin,2014-06-01,322473.0,Retail
44,Pueblo,2014-06-01,1571864.0,Retail
45,Routt,2014-06-01,,Retail
46,San Miguel,2014-06-01,451452.0,Retail
47,Sedgwick,2014-06-01,,Retail
48,Summit,2014-06-01,686139.0,Retail
49,Weld,2014-06-01,795293.0,Retail
0,Adams,2014-07-01,452488.0,Medical
1,Alamosa,2014-07-01,,Medical
2,Arapahoe,2014-07-01,1470823.0,Medical
3,Archuleta,2014-07-01,,Medical
4,Boulder,2014-07-01,2547883.0,Medical
5,Chaffee,2014-07-01,92938.0,Medical
6,Clear Creek,2014-07-01,108796.0,Medical
7,Costilla,2014-07-01,,Medical
8,Denver,2014-07-01,14083010.0,Medical
9,Eagle,2014-07-01,165132.0,Medical
10,El Paso,2014-07-01,5895119.0,Medical
11,Fremont,2014-07-01,250084.0,Medical
12,Garfield,2014-07-01,446439.0,Medical
13,Gilpin,2014-07-01,36110.0,Medical
14,Grand,2014-07-01,,Medical
15,Gunnison,2014-07-01,,Medical
16,Jefferson,2014-07-01,1913729.0,Medical
17,La Plata,2014-07-01,604088.0,Medical
18,Larimer,2014-07-01,1087000.0,Medical
19,Mesa,2014-07-01,,Medical
20,Moffat,2014-07-01,,Medical
21,Montezuma,2014-07-01,120802.0,Medical
22,Montrose,2014-07-01,,Medical
23,Ouray,2014-07-01,,Medical
24,Park,2014-07-01,,Medical
25,Pitkin,2014-07-01,117930.0,Medical
26,Pueblo,2014-07-01,459326.0,Medical
27,Routt,2014-07-01,,Medical
28,Saguache,2014-07-01,,Medical
29,San Miguel,2014-07-01,49131.0,Medical
30,Adams,2014-07-01,,Retail
31,Boulder,2014-07-01,3192671.0,Retail
32,Clear Creek,2014-07-01,473299.0,Retail
33,Denver,2014-07-01,14518417.0,Retail
34,Eagle,2014-07-01,,Retail
35,El Paso,2014-07-01,,Retail
36,Garfield,2014-07-01,403958.0,Retail
37,Gilpin,2014-07-01,160328.0,Retail
38,Gunnison,2014-07-01,307664.0,Retail
39,Jefferson,2014-07-01,1699749.0,Retail
40,Lake,2014-07-01,,Retail
41,Larimer,2014-07-01,1083910.0,Retail
42,Ouray,2014-07-01,,Retail
43,Park,2014-07-01,,Retail
44,Pitkin,2014-07-01,505148.0,Retail
45,Pueblo,2014-07-01,1985679.0,Retail
46,Routt,2014-07-01,,Retail
47,Saguache,2014-07-01,,Retail
48,San Miguel,2014-07-01,548213.0,Retail
49,Sedgwick,2014-07-01,,Retail
50,Summit,2014-07-01,981349.0,Retail
51,Weld,2014-07-01,1168267.0,Retail
0,Adams,2014-08-01,481873.0,Medical
1,Alamosa,2014-08-01,,Medical
2,Arapahoe,2014-08-01,1453140.0,Medical
3,Archuleta,2014-08-01,,Medical
4,Boulder,2014-08-01,2728671.0,Medical
5,Chaffee,2014-08-01,75887.0,Medical
6,Clear Creek,2014-08-01,102919.0,Medical
7,Costilla,2014-08-01,,Medical
8,Denver,2014-08-01,15861744.0,Medical
9,Eagle,2014-08-01,171357.0,Medical
10,El Paso,2014-08-01,6327504.0,Medical
11,Fremont,2014-08-01,268966.0,Medical
12,Garfield,2014-08-01,531623.0,Medical
13,Gilpin,2014-08-01,42366.0,Medical
14,Grand,2014-08-01,,Medical
15,Gunnison,2014-08-01,,Medical
16,Jefferson,2014-08-01,2021406.0,Medical
17,La Plata,2014-08-01,657993.0,Medical
18,Larimer,2014-08-01,1207539.0,Medical
19,Mesa,2014-08-01,,Medical
20,Moffat,2014-08-01,,Medical
21,Montezuma,2014-08-01,132833.0,Medical
22,Montrose,2014-08-01,,Medical
23,Ouray,2014-08-01,,Medical
24,Park,2014-08-01,,Medical
25,Pitkin,2014-08-01,115179.0,Medical
26,Pueblo,2014-08-01,460037.0,Medical
27,Routt,2014-08-01,170505.0,Medical
28,Saguache,2014-08-01,,Medical
29,San Miguel,2014-08-01,46369.0,Medical
30,Adams,2014-08-01,,Retail
31,Boulder,2014-08-01,3644021.0,Retail
32,Chaffee,2014-08-01,,Retail
33,Clear Creek,2014-08-01,480132.0,Retail
34,Denver,2014-08-01,15901236.0,Retail
35,Eagle,2014-08-01,414091.0,Retail
36,El Paso,2014-08-01,,Retail
37,Garfield,2014-08-01,603468.0,Retail
38,Gilpin,2014-08-01,155054.0,Retail
39,Gunnison,2014-08-01,309611.0,Retail
40,Jefferson,2014-08-01,1858831.0,Retail
41,Lake,2014-08-01,,Retail
42,Larimer,2014-08-01,1340810.0,Retail
43,Ouray,2014-08-01,,Retail
44,Park,2014-08-01,,Retail
45,Pitkin,2014-08-01,502231.0,Retail
46,Pueblo,2014-08-01,1685115.0,Retail
47,Routt,2014-08-01,,Retail
48,Saguache,2014-08-01,,Retail
49,San Miguel,2014-08-01,591931.0,Retail
50,Sedgwick,2014-08-01,,Retail
51,Summit,2014-08-01,941538.0,Retail
52,Weld,2014-08-01,1291047.0,Retail
0,Adams,2014-09-01,453206.0,Medical
1,Alamosa,2014-09-01,,Medical
2,Arapahoe,2014-09-01,1353297.0,Medical
3,Archuleta,2014-09-01,,Medical
4,Boulder,2014-09-01,2715576.0,Medical
5,Chaffee,2014-09-01,,Medical
6,Clear Creek,2014-09-01,102603.0,Medical
7,Costilla,2014-09-01,,Medical
8,Denver,2014-09-01,15196933.0,Medical
9,Eagle,2014-09-01,181480.0,Medical
10,El Paso,2014-09-01,5953327.0,Medical
11,Fremont,2014-09-01,233349.0,Medical
12,Garfield,2014-09-01,527700.0,Medical
13,Gilpin,2014-09-01,39786.0,Medical
14,Grand,2014-09-01,,Medical
15,Gunnison,2014-09-01,,Medical
16,Jefferson,2014-09-01,1845807.0,Medical
17,La Plata,2014-09-01,623331.0,Medical
18,Larimer,2014-09-01,1315740.0,Medical
19,Mesa,2014-09-01,,Medical
20,Moffat,2014-09-01,,Medical
21,Montezuma,2014-09-01,125628.0,Medical
22,Montrose,2014-09-01,,Medical
23,Morgan,2014-09-01,,Medical
24,Ouray,2014-09-01,,Medical
25,Park,2014-09-01,,Medical
26,Pitkin,2014-09-01,100612.0,Medical
27,Pueblo,2014-09-01,436843.0,Medical
28,Routt,2014-09-01,167807.0,Medical
29,San Miguel,2014-09-01,39758.0,Medical
30,Adams,2014-09-01,,Retail
31,Archuleta,2014-09-01,,Retail
32,Boulder,2014-09-01,3314834.0,Retail
33,Chaffee,2014-09-01,,Retail
34,Clear Creek,2014-09-01,375860.0,Retail
35,Denver,2014-09-01,14364191.0,Retail
36,Eagle,2014-09-01,379890.0,Retail
37,El Paso,2014-09-01,,Retail
38,Garfield,2014-09-01,537711.0,Retail
39,Gilpin,2014-09-01,138821.0,Retail
40,Gunnison,2014-09-01,255533.0,Retail
41,Jefferson,2014-09-01,1701706.0,Retail
42,Lake,2014-09-01,,Retail
43,La Plata,2014-09-01,,Retail
44,Larimer,2014-09-01,1378589.0,Retail
45,Morgan,2014-09-01,,Retail
46,Ouray,2014-09-01,,Retail
47,Park,2014-09-01,,Retail
48,Pitkin,2014-09-01,316259.0,Retail
49,Pueblo,2014-09-01,1386314.0,Retail
50,Routt,2014-09-01,,Retail
51,Saguache,2014-09-01,,Retail
52,San Miguel,2014-09-01,501532.0,Retail
53,Sedgwick,2014-09-01,,Retail
54,Summit,2014-09-01,726128.0,Retail
55,Weld,2014-09-01,1201206.0,Retail
0,Adams,2014-10-01,474637.0,Medical
1,Alamosa,2014-10-01,,Medical
2,Arapahoe,2014-10-01,1396842.0,Medical
3,Archuleta,2014-10-01,,Medical
4,Boulder,2014-10-01,2660593.0,Medical
5,Chaffee,2014-10-01,,Medical
6,Clear Creek,2014-10-01,102858.0,Medical
7,Costilla,2014-10-01,,Medical
8,Denver,2014-10-01,15006222.0,Medical
9,Eagle,2014-10-01,206273.0,Medical
10,El Paso,2014-10-01,5742846.0,Medical
11,Fremont,2014-10-01,174220.0,Medical
12,Garfield,2014-10-01,389617.0,Medical
13,Gilpin,2014-10-01,,Medical
14,Grand,2014-10-01,,Medical
15,Gunnison,2014-10-01,,Medical
16,Jefferson,2014-10-01,1923839.0,Medical
17,La Plata,2014-10-01,531825.0,Medical
18,Larimer,2014-10-01,1232929.0,Medical
19,Mesa,2014-10-01,,Medical
20,Moffat,2014-10-01,,Medical
21,Montezuma,2014-10-01,,Medical
22,Montrose,2014-10-01,,Medical
23,Morgan,2014-10-01,,Medical
24,Ouray,2014-10-01,,Medical
25,Park,2014-10-01,,Medical
26,Pitkin,2014-10-01,86614.0,Medical
27,Pueblo,2014-10-01,352545.0,Medical
28,Routt,2014-10-01,,Medical
29,San Miguel,2014-10-01,36239.0,Medical
30,Adams,2014-10-01,,Retail
31,Arapahoe,2014-10-01,,Retail
32,Archuleta,2014-10-01,,Retail
33,Boulder,2014-10-01,3477557.0,Retail
34,Chaffee,2014-10-01,,Retail
35,Clear Creek,2014-10-01,338132.0,Retail
36,Denver,2014-10-01,14895186.0,Retail
37,Eagle,2014-10-01,356123.0,Retail
38,El Paso,2014-10-01,,Retail
39,Garfield,2014-10-01,553834.0,Retail
40,Gilpin,2014-10-01,,Retail
41,Gunnison,2014-10-01,184394.0,Retail
42,Jefferson,2014-10-01,1714442.0,Retail
43,Lake,2014-10-01,,Retail
44,La Plata,2014-10-01,,Retail
45,Larimer,2014-10-01,1523402.0,Retail
46,Morgan,2014-10-01,,Retail
47,Ouray,2014-10-01,,Retail
48,Park,2014-10-01,,Retail
49,Pitkin,2014-10-01,246079.0,Retail
50,Pueblo,2014-10-01,1245865.0,Retail
51,Routt,2014-10-01,,Retail
52,Saguache,2014-10-01,,Retail
53,San Miguel,2014-10-01,278409.0,Retail
54,Sedgwick,2014-10-01,,Retail
55,Summit,2014-10-01,632225.0,Retail
56,Weld,2014-10-01,1126809.0,Retail
0,Adams,2014-11-01,480189.0,Medical
1,Alamosa,2014-11-01,,Medical
2,Arapahoe,2014-11-01,1345048.0,Medical
3,Archuleta,2014-11-01,,Medical
4,Boulder,2014-11-01,2400813.0,Medical
5,Chaffee,2014-11-01,,Medical
6,Clear Creek,2014-11-01,91727.0,Medical
7,Costilla,2014-11-01,,Medical
8,Denver,2014-11-01,13469383.0,Medical
9,Eagle,2014-11-01,210732.0,Medical
10,El Paso,2014-11-01,5223552.0,Medical
11,Fremont,2014-11-01,159257.0,Medical
12,Garfield,2014-11-01,318967.0,Medical
13,Gilpin,2014-11-01,,Medical
14,Grand,2014-11-01,,Medical
15,Gunnison,2014-11-01,,Medical
16,Jefferson,2014-11-01,1837165.0,Medical
17,La Plata,2014-11-01,459409.0,Medical
18,Larimer,2014-11-01,1185998.0,Medical
19,Mesa,2014-11-01,,Medical
20,Moffat,2014-11-01,,Medical
21,Montezuma,2014-11-01,,Medical
22,Montrose,2014-11-01,,Medical
23,Morgan,2014-11-01,,Medical
24,Ouray,2014-11-01,,Medical
25,Park,2014-11-01,,Medical
26,Pitkin,2014-11-01,72294.0,Medical
27,Pueblo,2014-11-01,324106.0,Medical
28,Routt,2014-11-01,,Medical
29,San Miguel,2014-11-01,26291.0,Medical
30,Adams,2014-11-01,1304091.0,Retail
31,Arapahoe,2014-11-01,805369.0,Retail
32,Archuleta,2014-11-01,,Retail
33,Boulder,2014-11-01,3196349.0,Retail
34,Chaffee,2014-11-01,,Retail
35,Clear Creek,2014-11-01,298012.0,Retail
36,Costilla,2014-11-01,,Retail
37,Denver,2014-11-01,13742869.0,Retail
38,Eagle,2014-11-01,373883.0,Retail
39,El Paso,2014-11-01,,Retail
40,Garfield,2014-11-01,507297.0,Retail
41,Gilpin,2014-11-01,,Retail
42,Grand,2014-11-01,,Retail
43,Gunnison,2014-11-01,133062.0,Retail
44,Jefferson,2014-11-01,1679786.0,Retail
45,Lake,2014-11-01,,Retail
46,La Plata,2014-11-01,647493.0,Retail
47,Larimer,2014-11-01,1493948.0,Retail
48,Las Animas,2014-11-01,,Retail
49,Morgan,2014-11-01,,Retail
50,Ouray,2014-11-01,,Retail
51,Park,2014-11-01,,Retail
52,Pitkin,2014-11-01,216781.0,Retail
53,Pueblo,2014-11-01,1137217.0,Retail
54,Routt,2014-11-01,,Retail
55,Saguache,2014-11-01,,Retail
56,San Miguel,2014-11-01,169659.0,Retail
57,Sedgwick,2014-11-01,,Retail
58,Summit,2014-11-01,706675.0,Retail
59,Weld,2014-11-01,992006.0,Retail
0,Adams,2014-12-01,470394.0,Medical
1,Alamosa,2014-12-01,,Medical
2,Arapahoe,2014-12-01,1498465.0,Medical
3,Archuleta,2014-12-01,,Medical
4,Boulder,2014-12-01,2548354.0,Medical
5,Chaffee,2014-12-01,,Medical
6,Clear Creek,2014-12-01,83182.0,Medical
7,Costilla,2014-12-01,,Medical
8,Denver,2014-12-01,12138739.0,Medical
9,Eagle,2014-12-01,277950.0,Medical
10,El Paso,2014-12-01,5517533.0,Medical
11,Fremont,2014-12-01,178729.0,Medical
12,Garfield,2014-12-01,283365.0,Medical
13,Gilpin,2014-12-01,34112.0,Medical
14,Grand,2014-12-01,,Medical
15,Gunnison,2014-12-01,,Medical
16,Jefferson,2014-12-01,1832756.0,Medical
17,La Plata,2014-12-01,497203.0,Medical
18,Larimer,2014-12-01,1316194.0,Medical
19,Las Animas,2014-12-01,,Medical
20,Mesa,2014-12-01,,Medical
21,Moffat,2014-12-01,,Medical
22,Montezuma,2014-12-01,117849.0,Medical
23,Montrose,2014-12-01,,Medical
24,Morgan,2014-12-01,,Medical
25,Ouray,2014-12-01,,Medical
26,Park,2014-12-01,,Medical
27,Pitkin,2014-12-01,84226.0,Medical
28,Pueblo,2014-12-01,399460.0,Medical
29,Routt,2014-12-01,169025.0,Medical
30,Adams,2014-12-01,1445817.0,Retail
31,Arapahoe,2014-12-01,1416559.0,Retail
32,Archuleta,2014-12-01,,Retail
33,Boulder,2014-12-01,3592405.0,Retail
34,Chaffee,2014-12-01,,Retail
35,Clear Creek,2014-12-01,371997.0,Retail
36,Costilla,2014-12-01,,Retail
37,Denver,2014-12-01,14797861.0,Retail
38,Eagle,2014-12-01,710631.0,Retail
39,El Paso,2014-12-01,,Retail
40,Garfield,2014-12-01,560065.0,Retail
41,Gilpin,2014-12-01,103121.0,Retail
42,Grand,2014-12-01,,Retail
43,Gunnison,2014-12-01,228173.0,Retail
44,Jefferson,2014-12-01,1990092.0,Retail
45,Lake,2014-12-01,,Retail
46,La Plata,2014-12-01,838948.0,Retail
47,Larimer,2014-12-01,1613144.0,Retail
48,Las Animas,2014-12-01,,Retail
49,Montezuma,2014-12-01,,Retail
50,Morgan,2014-12-01,,Retail
51,Ouray,2014-12-01,,Retail
52,Park,2014-12-01,,Retail
53,Pitkin,2014-12-01,599569.0,Retail
54,Pueblo,2014-12-01,1158670.0,Retail
55,Routt,2014-12-01,493734.0,Retail
56,Saguache,2014-12-01,,Retail
57,San Miguel,2014-12-01,292834.0,Retail
58,Sedgwick,2014-12-01,,Retail
59,Summit,2014-12-01,1256397.0,Retail
0,Adams,2015-01-01,421362.0,Medical
1,Alamosa,2015-01-01,,Medical
2,Arapahoe,2015-01-01,1493744.0,Medical
3,Archuleta,2015-01-01,,Medical
4,Boulder,2015-01-01,2501072.0,Medical
5,Chaffee,2015-01-01,,Medical
6,Clear Creek,2015-01-01,79640.0,Medical
7,Costilla,2015-01-01,,Medical
8,Denver,2015-01-01,13374117.0,Medical
9,Eagle,2015-01-01,316095.0,Medical
10,El Paso,2015-01-01,5582451.0,Medical
11,Fremont,2015-01-01,180201.0,Medical
12,Garfield,2015-01-01,325730.0,Medical
13,Gilpin,2015-01-01,31006.0,Medical
14,Grand,2015-01-01,,Medical
15,Gunnison,2015-01-01,,Medical
16,Jefferson,2015-01-01,1868844.0,Medical
17,La Plata,2015-01-01,893330.0,Medical
18,Larimer,2015-01-01,1141214.0,Medical
19,Las Animas,2015-01-01,,Medical
20,Mesa,2015-01-01,,Medical
21,Moffat,2015-01-01,,Medical
22,Montezuma,2015-01-01,114767.0,Medical
23,Montrose,2015-01-01,,Medical
24,Morgan,2015-01-01,,Medical
25,Ouray,2015-01-01,,Medical
26,Park,2015-01-01,,Medical
27,Pitkin,2015-01-01,90522.0,Medical
28,Pueblo,2015-01-01,359950.0,Medical
29,Routt,2015-01-01,,Medical
30,Adams,2015-01-01,1189877.0,Retail
31,Arapahoe,2015-01-01,1844768.0,Retail
32,Archuleta,2015-01-01,,Retail
33,Boulder,2015-01-01,3565252.0,Retail
34,Chaffee,2015-01-01,,Retail
35,Clear Creek,2015-01-01,455108.0,Retail
36,Costilla,2015-01-01,,Retail
37,Denver,2015-01-01,15485689.0,Retail
38,Eagle,2015-01-01,825587.0,Retail
39,El Paso,2015-01-01,,Retail
40,Garfield,2015-01-01,616641.0,Retail
41,Gilpin,2015-01-01,112455.0,Retail
42,Grand,2015-01-01,,Retail
43,Gunnison,2015-01-01,273043.0,Retail
44,Jefferson,2015-01-01,2108127.0,Retail
45,Lake,2015-01-01,,Retail
46,La Plata,2015-01-01,798627.0,Retail
47,Larimer,2015-01-01,1728021.0,Retail
48,Las Animas,2015-01-01,224113.0,Retail
49,Mesa,2015-01-01,,Retail
50,Montezuma,2015-01-01,,Retail
51,Morgan,2015-01-01,,Retail
52,Ouray,2015-01-01,,Retail
53,Park,2015-01-01,,Retail
54,Pitkin,2015-01-01,813722.0,Retail
55,Pueblo,2015-01-01,1063092.0,Retail
56,Routt,2015-01-01,,Retail
57,Saguache,2015-01-01,,Retail
58,San Juan,2015-01-01,,Retail
59,San Miguel,2015-01-01,374588.0,Retail
0,Adams,2015-02-01,434375.0,Medical
1,Alamosa,2015-02-01,,Medical
2,Arapahoe,2015-02-01,1402007.0,Medical
3,Archuleta,2015-02-01,,Medical
4,Boulder,2015-02-01,2257951.0,Medical
5,Chaffee,2015-02-01,,Medical
6,Clear Creek,2015-02-01,77001.0,Medical
7,Costilla,2015-02-01,,Medical
8,Denver,2015-02-01,12841486.0,Medical
9,Eagle,2015-02-01,292481.0,Medical
10,El Paso,2015-02-01,5578020.0,Medical
11,Fremont,2015-02-01,175136.0,Medical
12,Garfield,2015-02-01,348057.0,Medical
13,Gilpin,2015-02-01,28410.0,Medical
14,Grand,2015-02-01,,Medical
15,Gunnison,2015-02-01,,Medical
16,Jefferson,2015-02-01,1700441.0,Medical
17,La Plata,2015-02-01,892507.0,Medical
18,Larimer,2015-02-01,1111034.0,Medical
19,Las Animas,2015-02-01,,Medical
20,Mesa,2015-02-01,,Medical
21,Moffat,2015-02-01,,Medical
22,Montezuma,2015-02-01,104595.0,Medical
23,Montrose,2015-02-01,,Medical
24,Morgan,2015-02-01,,Medical
25,Ouray,2015-02-01,,Medical
26,Park,2015-02-01,,Medical
27,Pitkin,2015-02-01,75050.0,Medical
28,Pueblo,2015-02-01,358140.0,Medical
29,Routt,2015-02-01,,Medical
30,Adams,2015-02-01,,Retail
31,Arapahoe,2015-02-01,2114064.0,Retail
32,Archuleta,2015-02-01,,Retail
33,Boulder,2015-02-01,3209140.0,Retail
34,Chaffee,2015-02-01,,Retail
35,Clear Creek,2015-02-01,416086.0,Retail
36,Costilla,2015-02-01,,Retail
37,Denver,2015-02-01,14411812.0,Retail
38,Eagle,2015-02-01,735296.0,Retail
39,El Paso,2015-02-01,,Retail
40,Garfield,2015-02-01,535881.0,Retail
41,Gilpin,2015-02-01,104647.0,Retail
42,Grand,2015-02-01,,Retail
43,Gunnison,2015-02-01,224407.0,Retail
44,Jefferson,2015-02-01,1960725.0,Retail
45,Lake,2015-02-01,,Retail
46,La Plata,2015-02-01,840795.0,Retail
47,Larimer,2015-02-01,1685559.0,Retail
48,Las Animas,2015-02-01,287148.0,Retail
49,Mesa,2015-02-01,,Retail
50,Montezuma,2015-02-01,159174.0,Retail
51,Morgan,2015-02-01,,Retail
52,Ouray,2015-02-01,,Retail
53,Park,2015-02-01,,Retail
54,Pitkin,2015-02-01,705757.0,Retail
55,Pueblo,2015-02-01,1039417.0,Retail
56,Routt,2015-02-01,,Retail
57,Saguache,2015-02-01,,Retail
58,San Juan,2015-02-01,,Retail
59,San Miguel,2015-02-01,300473.0,Retail
0,Adams,2015-03-01,479975.0,Medical
1,Alamosa,2015-03-01,,Medical
2,Arapahoe,2015-03-01,1562845.0,Medical
3,Archuleta,2015-03-01,,Medical
4,Boulder,2015-03-01,2525620.0,Medical
5,Chaffee,2015-03-01,,Medical
6,Clear Creek,2015-03-01,82344.0,Medical
7,Costilla,2015-03-01,,Medical
8,Denver,2015-03-01,14406613.0,Medical
9,Eagle,2015-03-01,337864.0,Medical
10,El Paso,2015-03-01,6380331.0,Medical
11,Fremont,2015-03-01,194875.0,Medical
12,Garfield,2015-03-01,379738.0,Medical
13,Gilpin,2015-03-01,,Medical
14,Grand,2015-03-01,,Medical
15,Gunnison,2015-03-01,,Medical
16,Jefferson,2015-03-01,1861813.0,Medical
17,La Plata,2015-03-01,1017530.0,Medical
18,Larimer,2015-03-01,1320406.0,Medical
19,Las Animas,2015-03-01,,Medical
20,Mesa,2015-03-01,,Medical
21,Moffat,2015-03-01,,Medical
22,Montezuma,2015-03-01,133639.0,Medical
23,Montrose,2015-03-01,,Medical
24,Morgan,2015-03-01,,Medical
25,Ouray,2015-03-01,,Medical
26,Park,2015-03-01,,Medical
27,Pitkin,2015-03-01,85006.0,Medical
28,Pueblo,2015-03-01,463245.0,Medical
29,Routt,2015-03-01,199449.0,Medical
30,Adams,2015-03-01,1497796.0,Retail
31,Arapahoe,2015-03-01,2615133.0,Retail
32,Archuleta,2015-03-01,,Retail
33,Boulder,2015-03-01,3856723.0,Retail
34,Chaffee,2015-03-01,,Retail
35,Clear Creek,2015-03-01,485304.0,Retail
36,Costilla,2015-03-01,,Retail
37,Denver,2015-03-01,17121933.0,Retail
38,Eagle,2015-03-01,862396.0,Retail
39,El Paso,2015-03-01,,Retail
40,Garfield,2015-03-01,642659.0,Retail
41,Gilpin,2015-03-01,117004.0,Retail
42,Grand,2015-03-01,,Retail
43,Gunnison,2015-03-01,296334.0,Retail
44,Jefferson,2015-03-01,2224610.0,Retail
45,Lake,2015-03-01,,Retail
46,La Plata,2015-03-01,1020552.0,Retail
47,Larimer,2015-03-01,1943174.0,Retail
48,Las Animas,2015-03-01,415008.0,Retail
49,Mesa,2015-03-01,,Retail
50,Montezuma,2015-03-01,254446.0,Retail
51,Morgan,2015-03-01,,Retail
52,Ouray,2015-03-01,,Retail
53,Park,2015-03-01,146105.0,Retail
54,Pitkin,2015-03-01,896693.0,Retail
55,Pueblo,2015-03-01,1355119.0,Retail
56,Routt,2015-03-01,616913.0,Retail
57,Saguache,2015-03-01,,Retail
58,San Juan,2015-03-01,,Retail
59,San Miguel,2015-03-01,375409.0,Retail
0,Adams,2015-04-01,474341.0,Medical
1,Alamosa,2015-04-01,,Medical
2,Arapahoe,2015-04-01,1559596.0,Medical
3,Archuleta,2015-04-01,,Medical
4,Boulder,2015-04-01,2559060.0,Medical
5,Chaffee,2015-04-01,,Medical
6,Clear Creek,2015-04-01,76243.0,Medical
7,Costilla,2015-04-01,,Medical
8,Denver,2015-04-01,14953494.0,Medical
9,Eagle,2015-04-01,287781.0,Medical
10,El Paso,2015-04-01,6540175.0,Medical
11,Fremont,2015-04-01,198045.0,Medical
12,Garfield,2015-04-01,381432.0,Medical
13,Gilpin,2015-04-01,,Medical
14,Grand,2015-04-01,,Medical
15,Gunnison,2015-04-01,,Medical
16,Jefferson,2015-04-01,1931784.0,Medical
17,La Plata,2015-04-01,493486.0,Medical
18,Larimer,2015-04-01,1277080.0,Medical
19,Las Animas,2015-04-01,,Medical
20,Mesa,2015-04-01,,Medical
21,Moffat,2015-04-01,,Medical
22,Montezuma,2015-04-01,124006.0,Medical
23,Montrose,2015-04-01,,Medical
24,Morgan,2015-04-01,,Medical
25,Ouray,2015-04-01,,Medical
26,Park,2015-04-01,,Medical
27,Pitkin,2015-04-01,65486.0,Medical
28,Pueblo,2015-04-01,389146.0,Medical
29,Routt,2015-04-01,193801.0,Medical
30,Adams,2015-04-01,1611106.0,Retail
31,Arapahoe,2015-04-01,3257101.0,Retail
32,Archuleta,2015-04-01,,Retail
33,Boulder,2015-04-01,3973545.0,Retail
34,Chaffee,2015-04-01,250729.0,Retail
35,Clear Creek,2015-04-01,365896.0,Retail
36,Costilla,2015-04-01,,Retail
37,Denver,2015-04-01,18946519.0,Retail
38,Eagle,2015-04-01,516095.0,Retail
39,El Paso,2015-04-01,,Retail
40,Garfield,2015-04-01,644631.0,Retail
41,Gilpin,2015-04-01,130946.0,Retail
42,Grand,2015-04-01,,Retail
43,Gunnison,2015-04-01,160176.0,Retail
44,Jefferson,2015-04-01,2429996.0,Retail
45,Lake,2015-04-01,,Retail
46,La Plata,2015-04-01,930516.0,Retail
47,Larimer,2015-04-01,2045132.0,Retail
48,Las Animas,2015-04-01,471514.0,Retail
49,Mesa,2015-04-01,,Retail
50,Montezuma,2015-04-01,313150.0,Retail
51,Morgan,2015-04-01,,Retail
52,Ouray,2015-04-01,,Retail
53,Park,2015-04-01,121375.0,Retail
54,Pitkin,2015-04-01,426689.0,Retail
55,Pueblo,2015-04-01,1318252.0,Retail
56,Routt,2015-04-01,433152.0,Retail
57,Saguache,2015-04-01,,Retail
58,San Juan,2015-04-01,,Retail
59,San Miguel,2015-04-01,150531.0,Retail
0,Adams,2015-05-01,495716.0,Medical
1,Alamosa,2015-05-01,,Medical
2,Arapahoe,2015-05-01,1588756.0,Medical
3,Archuleta,2015-05-01,,Medical
4,Boulder,2015-05-01,2451648.0,Medical
5,Chaffee,2015-05-01,,Medical
6,Clear Creek,2015-05-01,96276.0,Medical
7,Costilla,2015-05-01,,Medical
8,Denver,2015-05-01,15598475.0,Medical
9,Eagle,2015-05-01,259399.0,Medical
10,El Paso,2015-05-01,6793848.0,Medical
11,Fremont,2015-05-01,200945.0,Medical
12,Garfield,2015-05-01,407487.0,Medical
13,Gilpin,2015-05-01,,Medical
14,Grand,2015-05-01,,Medical
15,Gunnison,2015-05-01,,Medical
16,Jefferson,2015-05-01,1933694.0,Medical
17,La Plata,2015-05-01,452253.0,Medical
18,Larimer,2015-05-01,1292742.0,Medical
19,Las Animas,2015-05-01,,Medical
20,Mesa,2015-05-01,,Medical
21,Moffat,2015-05-01,,Medical
22,Montezuma,2015-05-01,136143.0,Medical
23,Montrose,2015-05-01,,Medical
24,Morgan,2015-05-01,,Medical
25,Ouray,2015-05-01,,Medical
26,Park,2015-05-01,,Medical
27,Pitkin,2015-05-01,57287.0,Medical
28,Pueblo,2015-05-01,396182.0,Medical
29,Routt,2015-05-01,163870.0,Medical
30,Adams,2015-05-01,1687270.0,Retail
31,Arapahoe,2015-05-01,3615509.0,Retail
32,Archuleta,2015-05-01,,Retail
33,Boulder,2015-05-01,4281906.0,Retail
34,Chaffee,2015-05-01,312605.0,Retail
35,Clear Creek,2015-05-01,348152.0,Retail
36,Costilla,2015-05-01,,Retail
37,Denver,2015-05-01,17590490.0,Retail
38,Eagle,2015-05-01,432292.0,Retail
39,El Paso,2015-05-01,,Retail
40,Garfield,2015-05-01,720995.0,Retail
41,Gilpin,2015-05-01,143079.0,Retail
42,Grand,2015-05-01,,Retail
43,Gunnison,2015-05-01,176131.0,Retail
44,Jefferson,2015-05-01,2538231.0,Retail
45,Lake,2015-05-01,,Retail
46,La Plata,2015-05-01,1155547.0,Retail
47,Larimer,2015-05-01,2292433.0,Retail
48,Las Animas,2015-05-01,606835.0,Retail
49,Mesa,2015-05-01,,Retail
50,Montezuma,2015-05-01,403035.0,Retail
51,Morgan,2015-05-01,,Retail
52,Ouray,2015-05-01,,Retail
53,Park,2015-05-01,154563.0,Retail
54,Pitkin,2015-05-01,329419.0,Retail
55,Pueblo,2015-05-01,1482501.0,Retail
56,Routt,2015-05-01,419611.0,Retail
57,Saguache,2015-05-01,,Retail
58,San Juan,2015-05-01,,Retail
59,San Miguel,2015-05-01,153689.0,Retail
0,Adams,2015-06-01,441872.0,Medical
1,Alamosa,2015-06-01,,Medical
2,Arapahoe,2015-06-01,1525525.0,Medical
3,Archuleta,2015-06-01,,Medical
4,Boulder,2015-06-01,2363534.0,Medical
5,Chaffee,2015-06-01,,Medical
6,Clear Creek,2015-06-01,90303.0,Medical
7,Costilla,2015-06-01,,Medical
8,Denver,2015-06-01,16545160.0,Medical
9,Eagle,2015-06-01,259462.0,Medical
10,El Paso,2015-06-01,7050814.0,Medical
11,Fremont,2015-06-01,205924.0,Medical
12,Garfield,2015-06-01,430562.0,Medical
13,Gilpin,2015-06-01,,Medical
14,Grand,2015-06-01,,Medical
15,Gunnison,2015-06-01,,Medical
16,Jefferson,2015-06-01,1833049.0,Medical
17,La Plata,2015-06-01,425100.0,Medical
18,Larimer,2015-06-01,1219011.0,Medical
19,Las Animas,2015-06-01,,Medical
20,Mesa,2015-06-01,,Medical
21,Moffat,2015-06-01,,Medical
22,Montezuma,2015-06-01,127877.0,Medical
23,Montrose,2015-06-01,,Medical
24,Morgan,2015-06-01,,Medical
25,Ouray,2015-06-01,,Medical
26,Park,2015-06-01,,Medical
27,Pitkin,2015-06-01,77058.0,Medical
28,Pueblo,2015-06-01,569375.0,Medical
29,Routt,2015-06-01,159915.0,Medical
30,Adams,2015-06-01,,Retail
31,Arapahoe,2015-06-01,3753244.0,Retail
32,Archuleta,2015-06-01,,Retail
33,Boulder,2015-06-01,4273572.0,Retail
34,Chaffee,2015-06-01,,Retail
35,Clear Creek,2015-06-01,441514.0,Retail
36,Costilla,2015-06-01,,Retail
37,Denver,2015-06-01,17280785.0,Retail
38,Eagle,2015-06-01,534649.0,Retail
39,El Paso,2015-06-01,,Retail
40,Garfield,2015-06-01,798425.0,Retail
41,Gilpin,2015-06-01,183787.0,Retail
42,Grand,2015-06-01,142695.0,Retail
43,Gunnison,2015-06-01,273865.0,Retail
44,Huerfano,2015-06-01,,Retail
45,Jefferson,2015-06-01,2584940.0,Retail
46,Lake,2015-06-01,,Retail
47,La Plata,2015-06-01,1283234.0,Retail
48,Larimer,2015-06-01,2321397.0,Retail
49,Las Animas,2015-06-01,714276.0,Retail
50,Mesa,2015-06-01,,Retail
51,Montezuma,2015-06-01,463559.0,Retail
52,Morgan,2015-06-01,,Retail
53,Ouray,2015-06-01,,Retail
54,Park,2015-06-01,191938.0,Retail
55,Pitkin,2015-06-01,570064.0,Retail
56,Pueblo,2015-06-01,1517777.0,Retail
57,Routt,2015-06-01,485969.0,Retail
58,Saguache,2015-06-01,,Retail
59,San Juan,2015-06-01,,Retail
0,Adams,2015-07-01,456679.0,Medical
1,Alamosa,2015-07-01,,Medical
2,Arapahoe,2015-07-01,1629440.0,Medical
3,Archuleta,2015-07-01,,Medical
4,Boulder,2015-07-01,2638188.0,Medical
5,Chaffee,2015-07-01,,Medical
6,Clear Creek,2015-07-01,97914.0,Medical
7,Costilla,2015-07-01,,Medical
8,Denver,2015-07-01,19786382.0,Medical
9,Eagle,2015-07-01,310266.0,Medical
10,El Paso,2015-07-01,8504081.0,Medical
11,Fremont,2015-07-01,242306.0,Medical
12,Garfield,2015-07-01,481231.0,Medical
13,Gilpin,2015-07-01,,Medical
14,Grand,2015-07-01,,Medical
15,Gunnison,2015-07-01,,Medical
16,Jefferson,2015-07-01,2038463.0,Medical
17,La Plata,2015-07-01,486029.0,Medical
18,Larimer,2015-07-01,1401524.0,Medical
19,Las Animas,2015-07-01,,Medical
20,Mesa,2015-07-01,,Medical
21,Moffat,2015-07-01,,Medical
22,Montezuma,2015-07-01,142880.0,Medical
23,Montrose,2015-07-01,,Medical
24,Morgan,2015-07-01,,Medical
25,Ouray,2015-07-01,,Medical
26,Park,2015-07-01,,Medical
27,Pitkin,2015-07-01,94939.0,Medical
28,Pueblo,2015-07-01,699033.0,Medical
29,Routt,2015-07-01,186072.0,Medical
30,Adams,2015-07-01,1822902.0,Retail
31,Arapahoe,2015-07-01,4482419.0,Retail
32,Archuleta,2015-07-01,,Retail
33,Boulder,2015-07-01,4926814.0,Retail
34,Chaffee,2015-07-01,,Retail
35,Clear Creek,2015-07-01,558033.0,Retail
36,Conejos,2015-07-01,,Retail
37,Costilla,2015-07-01,,Retail
38,Denver,2015-07-01,19851838.0,Retail
39,Eagle,2015-07-01,745007.0,Retail
40,El Paso,2015-07-01,,Retail
41,Garfield,2015-07-01,953213.0,Retail
42,Gilpin,2015-07-01,185927.0,Retail
43,Grand,2015-07-01,230218.0,Retail
44,Gunnison,2015-07-01,454862.0,Retail
45,Huerfano,2015-07-01,,Retail
46,Jefferson,2015-07-01,2891081.0,Retail
47,Lake,2015-07-01,,Retail
48,La Plata,2015-07-01,1529417.0,Retail
49,Larimer,2015-07-01,2714363.0,Retail
50,Las Animas,2015-07-01,1009958.0,Retail
51,Mesa,2015-07-01,,Retail
52,Montezuma,2015-07-01,572832.0,Retail
53,Morgan,2015-07-01,,Retail
54,Ouray,2015-07-01,,Retail
55,Park,2015-07-01,235832.0,Retail
56,Pitkin,2015-07-01,850341.0,Retail
57,Pueblo,2015-07-01,1852589.0,Retail
58,Routt,2015-07-01,631836.0,Retail
59,Saguache,2015-07-01,,Retail
0,Adams,2015-08-01,414843.0,Medical
1,Alamosa,2015-08-01,,Medical
2,Arapahoe,2015-08-01,1782767.0,Medical
3,Archuleta,2015-08-01,,Medical
4,Boulder,2015-08-01,2854869.0,Medical
5,Chaffee,2015-08-01,,Medical
6,Clear Creek,2015-08-01,99241.0,Medical
7,Costilla,2015-08-01,,Medical
8,Denver,2015-08-01,18920270.0,Medical
9,Eagle,2015-08-01,321194.0,Medical
10,El Paso,2015-08-01,8703525.0,Medical
11,Fremont,2015-08-01,247910.0,Medical
12,Garfield,2015-08-01,623488.0,Medical
13,Gilpin,2015-08-01,33160.0,Medical
14,Grand,2015-08-01,,Medical
15,Gunnison,2015-08-01,,Medical
16,Jefferson,2015-08-01,2119709.0,Medical
17,La Plata,2015-08-01,468119.0,Medical
18,Larimer,2015-08-01,1506663.0,Medical
19,Las Animas,2015-08-01,,Medical
20,Mesa,2015-08-01,,Medical
21,Moffat,2015-08-01,,Medical
22,Montezuma,2015-08-01,141894.0,Medical
23,Montrose,2015-08-01,,Medical
24,Morgan,2015-08-01,,Medical
25,Ouray,2015-08-01,,Medical
26,Park,2015-08-01,,Medical
27,Pitkin,2015-08-01,100615.0,Medical
28,Pueblo,2015-08-01,879622.0,Medical
29,Routt,2015-08-01,197957.0,Medical
30,Adams,2015-08-01,2007490.0,Retail
31,Arapahoe,2015-08-01,5068738.0,Retail
32,Archuleta,2015-08-01,,Retail
33,Boulder,2015-08-01,5076823.0,Retail
34,Chaffee,2015-08-01,529711.0,Retail
35,Clear Creek,2015-08-01,549270.0,Retail
36,Conejos,2015-08-01,,Retail
37,Costilla,2015-08-01,,Retail
38,Denver,2015-08-01,20586503.0,Retail
39,Eagle,2015-08-01,755726.0,Retail
40,El Paso,2015-08-01,,Retail
41,Garfield,2015-08-01,919088.0,Retail
42,Gilpin,2015-08-01,209981.0,Retail
43,Grand,2015-08-01,234153.0,Retail
44,Gunnison,2015-08-01,454015.0,Retail
45,Huerfano,2015-08-01,,Retail
46,Jefferson,2015-08-01,3008160.0,Retail
47,Lake,2015-08-01,,Retail
48,La Plata,2015-08-01,1517581.0,Retail
49,Larimer,2015-08-01,2921981.0,Retail
50,Las Animas,2015-08-01,1043528.0,Retail
51,Mesa,2015-08-01,,Retail
52,Montezuma,2015-08-01,602753.0,Retail
53,Morgan,2015-08-01,,Retail
54,Ouray,2015-08-01,,Retail
55,Park,2015-08-01,220562.0,Retail
56,Pitkin,2015-08-01,815391.0,Retail
57,Pueblo,2015-08-01,1894167.0,Retail
58,Routt,2015-08-01,649959.0,Retail
59,Saguache,2015-08-01,,Retail
0,Adams,2015-09-01,456102.0,Medical
1,Alamosa,2015-09-01,,Medical
2,Arapahoe,2015-09-01,1821831.0,Medical
3,Archuleta,2015-09-01,,Medical
4,Boulder,2015-09-01,2808636.0,Medical
5,Chaffee,2015-09-01,,Medical
6,Clear Creek,2015-09-01,98054.0,Medical
7,Costilla,2015-09-01,,Medical
8,Denver,2015-09-01,18017794.0,Medical
9,Eagle,2015-09-01,306549.0,Medical
10,El Paso,2015-09-01,8632187.0,Medical
11,Fremont,2015-09-01,262093.0,Medical
12,Garfield,2015-09-01,558081.0,Medical
13,Gilpin,2015-09-01,31881.0,Medical
14,Grand,2015-09-01,,Medical
15,Gunnison,2015-09-01,,Medical
16,Jefferson,2015-09-01,2096374.0,Medical
17,La Plata,2015-09-01,489476.0,Medical
18,Larimer,2015-09-01,1546038.0,Medical
19,Las Animas,2015-09-01,,Medical
20,Mesa,2015-09-01,,Medical
21,Moffat,2015-09-01,,Medical
22,Montezuma,2015-09-01,122425.0,Medical
23,Montrose,2015-09-01,,Medical
24,Morgan,2015-09-01,,Medical
25,Ouray,2015-09-01,,Medical
26,Park,2015-09-01,,Medical
27,Pitkin,2015-09-01,90803.0,Medical
28,Pueblo,2015-09-01,1004209.0,Medical
29,Routt,2015-09-01,216833.0,Medical
30,Adams,2015-09-01,2066128.0,Retail
31,Arapahoe,2015-09-01,5321883.0,Retail
32,Archuleta,2015-09-01,,Retail
33,Boulder,2015-09-01,4564394.0,Retail
34,Chaffee,2015-09-01,391518.0,Retail
35,Clear Creek,2015-09-01,490483.0,Retail
36,Conejos,2015-09-01,,Retail
37,Costilla,2015-09-01,,Retail
38,Denver,2015-09-01,19062651.0,Retail
39,Eagle,2015-09-01,632711.0,Retail
40,El Paso,2015-09-01,,Retail
41,Garfield,2015-09-01,888159.0,Retail
42,Gilpin,2015-09-01,206010.0,Retail
43,Grand,2015-09-01,182101.0,Retail
44,Gunnison,2015-09-01,333527.0,Retail
45,Huerfano,2015-09-01,,Retail
46,Jefferson,2015-09-01,2859786.0,Retail
47,Lake,2015-09-01,,Retail
48,La Plata,2015-09-01,1596319.0,Retail
49,Larimer,2015-09-01,2735329.0,Retail
50,Las Animas,2015-09-01,1018744.0,Retail
51,Mesa,2015-09-01,,Retail
52,Montezuma,2015-09-01,605971.0,Retail
53,Morgan,2015-09-01,,Retail
54,Ouray,2015-09-01,342064.0,Retail
55,Park,2015-09-01,185916.0,Retail
56,Pitkin,2015-09-01,627987.0,Retail
57,Pueblo,2015-09-01,1721621.0,Retail
58,Routt,2015-09-01,576410.0,Retail
59,Saguache,2015-09-01,,Retail
0,Adams,2015-10-01,435580.0,Medical
1,Alamosa,2015-10-01,,Medical
2,Arapahoe,2015-10-01,1743830.0,Medical
3,Archuleta,2015-10-01,,Medical
4,Boulder,2015-10-01,2816381.0,Medical
5,Chaffee,2015-10-01,,Medical
6,Clear Creek,2015-10-01,87040.0,Medical
7,Costilla,2015-10-01,,Medical
8,Denver,2015-10-01,16398610.0,Medical
9,Eagle,2015-10-01,294270.0,Medical
10,El Paso,2015-10-01,8065363.0,Medical
11,Fremont,2015-10-01,178145.0,Medical
12,Garfield,2015-10-01,404126.0,Medical
13,Gilpin,2015-10-01,,Medical
14,Grand,2015-10-01,,Medical
15,Gunnison,2015-10-01,,Medical
16,Jefferson,2015-10-01,1881358.0,Medical
17,La Plata,2015-10-01,404921.0,Medical
18,Larimer,2015-10-01,1452878.0,Medical
19,Las Animas,2015-10-01,,Medical
20,Mesa,2015-10-01,,Medical
21,Moffat,2015-10-01,,Medical
22,Montezuma,2015-10-01,106843.0,Medical
23,Montrose,2015-10-01,,Medical
24,Morgan,2015-10-01,,Medical
25,Ouray,2015-10-01,,Medical
26,Park,2015-10-01,,Medical
27,Pitkin,2015-10-01,80160.0,Medical
28,Pueblo,2015-10-01,863610.0,Medical
29,Routt,2015-10-01,201592.0,Medical
30,Adams,2015-10-01,2446592.0,Retail
31,Arapahoe,2015-10-01,5728782.0,Retail
32,Archuleta,2015-10-01,,Retail
33,Boulder,2015-10-01,4777912.0,Retail
34,Chaffee,2015-10-01,325900.0,Retail
35,Clear Creek,2015-10-01,419695.0,Retail
36,Conejos,2015-10-01,,Retail
37,Costilla,2015-10-01,,Retail
38,Denver,2015-10-01,19085375.0,Retail
39,Eagle,2015-10-01,590827.0,Retail
40,El Paso,2015-10-01,,Retail
41,Garfield,2015-10-01,872142.0,Retail
42,Gilpin,2015-10-01,185948.0,Retail
43,Grand,2015-10-01,166746.0,Retail
44,Gunnison,2015-10-01,,Retail
45,Huerfano,2015-10-01,,Retail
46,Jefferson,2015-10-01,3091341.0,Retail
47,Lake,2015-10-01,,Retail
48,La Plata,2015-10-01,1541740.0,Retail
49,Larimer,2015-10-01,2885257.0,Retail
50,Las Animas,2015-10-01,1035512.0,Retail
51,Mesa,2015-10-01,,Retail
52,Montezuma,2015-10-01,627049.0,Retail
53,Morgan,2015-10-01,,Retail
54,Ouray,2015-10-01,,Retail
55,Park,2015-10-01,201525.0,Retail
56,Pitkin,2015-10-01,443764.0,Retail
57,Pueblo,2015-10-01,1710792.0,Retail
58,Routt,2015-10-01,563187.0,Retail
59,Saguache,2015-10-01,,Retail
0,Adams,2015-11-01,411536.0,Medical
1,Alamosa,2015-11-01,,Medical
2,Arapahoe,2015-11-01,1474373.0,Medical
3,Archuleta,2015-11-01,,Medical
4,Boulder,2015-11-01,2441291.0,Medical
5,Chaffee,2015-11-01,,Medical
6,Clear Creek,2015-11-01,65544.0,Medical
7,Costilla,2015-11-01,,Medical
8,Denver,2015-11-01,13509435.0,Medical
9,Eagle,2015-11-01,239175.0,Medical
10,El Paso,2015-11-01,6629977.0,Medical
11,Fremont,2015-11-01,146376.0,Medical
12,Garfield,2015-11-01,276743.0,Medical
13,Gilpin,2015-11-01,,Medical
14,Grand,2015-11-01,,Medical
15,Gunnison,2015-11-01,,Medical
16,Jefferson,2015-11-01,1654954.0,Medical
17,La Plata,2015-11-01,332966.0,Medical
18,Larimer,2015-11-01,1263937.0,Medical
19,Las Animas,2015-11-01,,Medical
20,Mesa,2015-11-01,,Medical
21,Moffat,2015-11-01,,Medical
22,Montezuma,2015-11-01,93505.0,Medical
23,Montrose,2015-11-01,,Medical
24,Morgan,2015-11-01,,Medical
25,Ouray,2015-11-01,,Medical
26,Park,2015-11-01,,Medical
27,Pitkin,2015-11-01,78898.0,Medical
28,Pueblo,2015-11-01,776637.0,Medical
29,Routt,2015-11-01,182755.0,Medical
30,Adams,2015-11-01,2426969.0,Retail
31,Arapahoe,2015-11-01,5485411.0,Retail
32,Archuleta,2015-11-01,,Retail
33,Boulder,2015-11-01,4312311.0,Retail
34,Chaffee,2015-11-01,257406.0,Retail
35,Clear Creek,2015-11-01,382303.0,Retail
36,Conejos,2015-11-01,,Retail
37,Costilla,2015-11-01,,Retail
38,Denver,2015-11-01,17834233.0,Retail
39,Eagle,2015-11-01,608573.0,Retail
40,El Paso,2015-11-01,,Retail
41,Garfield,2015-11-01,706287.0,Retail
42,Gilpin,2015-11-01,165186.0,Retail
43,Grand,2015-11-01,149468.0,Retail
44,Gunnison,2015-11-01,250041.0,Retail
45,Huerfano,2015-11-01,,Retail
46,Jefferson,2015-11-01,2816172.0,Retail
47,Lake,2015-11-01,,Retail
48,La Plata,2015-11-01,1192549.0,Retail
49,Larimer,2015-11-01,2561270.0,Retail
50,Las Animas,2015-11-01,850923.0,Retail
51,Mesa,2015-11-01,,Retail
52,Montezuma,2015-11-01,528833.0,Retail
53,Morgan,2015-11-01,,Retail
54,Ouray,2015-11-01,,Retail
55,Park,2015-11-01,168909.0,Retail
56,Pitkin,2015-11-01,348178.0,Retail
57,Pueblo,2015-11-01,1447179.0,Retail
58,Routt,2015-11-01,437492.0,Retail
59,Saguache,2015-11-01,,Retail
0,Adams,2015-12-01,441833.0,Medical
1,Alamosa,2015-12-01,,Medical
2,Arapahoe,2015-12-01,1606205.0,Medical
3,Archuleta,2015-12-01,,Medical
4,Boulder,2015-12-01,2807281.0,Medical
5,Chaffee,2015-12-01,,Medical
6,Clear Creek,2015-12-01,81631.0,Medical
7,Costilla,2015-12-01,,Medical
8,Denver,2015-12-01,16255498.0,Medical
9,Eagle,2015-12-01,273264.0,Medical
10,El Paso,2015-12-01,7639235.0,Medical
11,Fremont,2015-12-01,160693.0,Medical
12,Garfield,2015-12-01,318985.0,Medical
13,Gilpin,2015-12-01,,Medical
14,Grand,2015-12-01,,Medical
15,Gunnison,2015-12-01,,Medical
16,Jefferson,2015-12-01,1745285.0,Medical
17,La Plata,2015-12-01,370071.0,Medical
18,Larimer,2015-12-01,1374506.0,Medical
19,Las Animas,2015-12-01,,Medical
20,Mesa,2015-12-01,,Medical
21,Moffat,2015-12-01,,Medical
22,Montezuma,2015-12-01,89934.0,Medical
23,Montrose,2015-12-01,,Medical
24,Morgan,2015-12-01,,Medical
25,Ouray,2015-12-01,,Medical
26,Park,2015-12-01,,Medical
27,Pitkin,2015-12-01,83107.0,Medical
28,Pueblo,2015-12-01,1251262.0,Medical
29,Routt,2015-12-01,203563.0,Medical
30,Adams,2015-12-01,2706310.0,Retail
31,Arapahoe,2015-12-01,6055214.0,Retail
32,Archuleta,2015-12-01,,Retail
33,Boulder,2015-12-01,4621551.0,Retail
34,Chaffee,2015-12-01,,Retail
35,Clear Creek,2015-12-01,492005.0,Retail
36,Conejos,2015-12-01,,Retail
37,Costilla,2015-12-01,,Retail
38,Denver,2015-12-01,19339032.0,Retail
39,Eagle,2015-12-01,948426.0,Retail
40,El Paso,2015-12-01,,Retail
41,Garfield,2015-12-01,801776.0,Retail
42,Gilpin,2015-12-01,145319.0,Retail
43,Grand,2015-12-01,274910.0,Retail
44,Gunnison,2015-12-01,365817.0,Retail
45,Huerfano,2015-12-01,,Retail
46,Jefferson,2015-12-01,3153194.0,Retail
47,Lake,2015-12-01,,Retail
48,La Plata,2015-12-01,1460381.0,Retail
49,Larimer,2015-12-01,2818206.0,Retail
50,Las Animas,2015-12-01,921083.0,Retail
51,Mesa,2015-12-01,,Retail
52,Montezuma,2015-12-01,559469.0,Retail
53,Morgan,2015-12-01,,Retail
54,Ouray,2015-12-01,,Retail
55,Park,2015-12-01,188927.0,Retail
56,Pitkin,2015-12-01,895847.0,Retail
57,Pueblo,2015-12-01,1530280.0,Retail
58,Routt,2015-12-01,655561.0,Retail
59,Saguache,2015-12-01,,Retail
0,Adams,2016-01-01,363668.0,Medical
1,Alamosa,2016-01-01,,Medical
2,Arapahoe,2016-01-01,1547734.0,Medical
3,Archuleta,2016-01-01,,Medical
4,Boulder,2016-01-01,2565967.0,Medical
5,Chaffee,2016-01-01,,Medical
6,Clear Creek,2016-01-01,103212.0,Medical
7,Costilla,2016-01-01,,Medical
8,Denver,2016-01-01,14692917.0,Medical
9,Eagle,2016-01-01,258266.0,Medical
10,El Paso,2016-01-01,7124874.0,Medical
11,Fremont,2016-01-01,160049.0,Medical
12,Garfield,2016-01-01,342951.0,Medical
13,Gilpin,2016-01-01,,Medical
14,Grand,2016-01-01,,Medical
15,Gunnison,2016-01-01,,Medical
16,Jefferson,2016-01-01,1624527.0,Medical
17,La Plata,2016-01-01,364582.0,Medical
18,Larimer,2016-01-01,1310553.0,Medical
19,Las Animas,2016-01-01,,Medical
20,Mesa,2016-01-01,,Medical
21,Moffat,2016-01-01,,Medical
22,Montezuma,2016-01-01,79330.0,Medical
23,Montrose,2016-01-01,,Medical
24,Morgan,2016-01-01,,Medical
25,Ouray,2016-01-01,,Medical
26,Park,2016-01-01,,Medical
27,Pitkin,2016-01-01,93239.0,Medical
28,Pueblo,2016-01-01,822153.0,Medical
29,Routt,2016-01-01,203373.0,Medical
30,Adams,2016-01-01,2544485.0,Retail
31,Arapahoe,2016-01-01,5949573.0,Retail
32,Archuleta,2016-01-01,,Retail
33,Boulder,2016-01-01,4499880.0,Retail
34,Chaffee,2016-01-01,268240.0,Retail
35,Clear Creek,2016-01-01,550192.0,Retail
36,Conejos,2016-01-01,,Retail
37,Costilla,2016-01-01,,Retail
38,Denver,2016-01-01,18969263.0,Retail
39,Eagle,2016-01-01,1214652.0,Retail
40,El Paso,2016-01-01,,Retail
41,Garfield,2016-01-01,821090.0,Retail
42,Gilpin,2016-01-01,136475.0,Retail
43,Grand,2016-01-01,287813.0,Retail
44,Gunnison,2016-01-01,400086.0,Retail
45,Huerfano,2016-01-01,,Retail
46,Jefferson,2016-01-01,3020022.0,Retail
47,Lake,2016-01-01,,Retail
48,La Plata,2016-01-01,1396817.0,Retail
49,Larimer,2016-01-01,2708125.0,Retail
50,Las Animas,2016-01-01,922872.0,Retail
51,Mesa,2016-01-01,,Retail
52,Montezuma,2016-01-01,532773.0,Retail
53,Morgan,2016-01-01,,Retail
54,Ouray,2016-01-01,,Retail
55,Park,2016-01-01,187006.0,Retail
56,Pitkin,2016-01-01,1008558.0,Retail
57,Pueblo,2016-01-01,1466234.0,Retail
58,Routt,2016-01-01,792416.0,Retail
59,Saguache,2016-01-01,,Retail
0,Adams,2016-02-01,331503.0,Medical
1,Alamosa,2016-02-01,,Medical
2,Arapahoe,2016-02-01,1502406.0,Medical
3,Archuleta,2016-02-01,,Medical
4,Boulder,2016-02-01,2517617.0,Medical
5,Chaffee,2016-02-01,,Medical
6,Clear Creek,2016-02-01,89373.0,Medical
7,Costilla,2016-02-01,,Medical
8,Denver,2016-02-01,15302180.0,Medical
9,Eagle,2016-02-01,234659.0,Medical
10,El Paso,2016-02-01,7548713.0,Medical
11,Fremont,2016-02-01,,Medical
12,Garfield,2016-02-01,386348.0,Medical
13,Gilpin,2016-02-01,,Medical
14,Grand,2016-02-01,,Medical
15,Gunnison,2016-02-01,,Medical
16,Jefferson,2016-02-01,1589401.0,Medical
17,La Plata,2016-02-01,360382.0,Medical
18,Larimer,2016-02-01,1341468.0,Medical
19,Las Animas,2016-02-01,,Medical
20,Mesa,2016-02-01,,Medical
21,Moffat,2016-02-01,,Medical
22,Montezuma,2016-02-01,102860.0,Medical
23,Montrose,2016-02-01,,Medical
24,Morgan,2016-02-01,,Medical
25,Ouray,2016-02-01,,Medical
26,Park,2016-02-01,,Medical
27,Pitkin,2016-02-01,95627.0,Medical
28,Pueblo,2016-02-01,980275.0,Medical
29,Routt,2016-02-01,193928.0,Medical
30,Adams,2016-02-01,2597102.0,Retail
31,Arapahoe,2016-02-01,6229934.0,Retail
32,Archuleta,2016-02-01,,Retail
33,Boulder,2016-02-01,4477304.0,Retail
34,Chaffee,2016-02-01,281840.0,Retail
35,Clear Creek,2016-02-01,535811.0,Retail
36,Conejos,2016-02-01,163449.0,Retail
37,Costilla,2016-02-01,153417.0,Retail
38,Denver,2016-02-01,19129746.0,Retail
39,Eagle,2016-02-01,1176777.0,Retail
40,El Paso,2016-02-01,,Retail
41,Garfield,2016-02-01,860185.0,Retail
42,Gilpin,2016-02-01,172887.0,Retail
43,Grand,2016-02-01,279018.0,Retail
44,Gunnison,2016-02-01,413264.0,Retail
45,Huerfano,2016-02-01,,Retail
46,Jefferson,2016-02-01,2970642.0,Retail
47,Lake,2016-02-01,,Retail
48,La Plata,2016-02-01,1484507.0,Retail
49,Larimer,2016-02-01,2878307.0,Retail
50,Las Animas,2016-02-01,1012648.0,Retail
51,Mesa,2016-02-01,,Retail
52,Montezuma,2016-02-01,600808.0,Retail
53,Morgan,2016-02-01,,Retail
54,Ouray,2016-02-01,,Retail
55,Park,2016-02-01,176302.0,Retail
56,Pitkin,2016-02-01,964350.0,Retail
57,Pueblo,2016-02-01,1686427.0,Retail
58,Routt,2016-02-01,772020.0,Retail
59,Saguache,2016-02-01,,Retail
0,Adams,2016-03-01,347344.0,Medical
1,Alamosa,2016-03-01,,Medical
2,Arapahoe,2016-03-01,1601551.0,Medical
3,Archuleta,2016-03-01,,Medical
4,Boulder,2016-03-01,2718254.0,Medical
5,Chaffee,2016-03-01,,Medical
6,Clear Creek,2016-03-01,87829.0,Medical
7,Costilla,2016-03-01,,Medical
8,Denver,2016-03-01,17353519.0,Medical
9,Eagle,2016-03-01,264913.0,Medical
10,El Paso,2016-03-01,8537583.0,Medical
11,Fremont,2016-03-01,207942.0,Medical
12,Garfield,2016-03-01,425553.0,Medical
13,Gilpin,2016-03-01,,Medical
14,Grand,2016-03-01,,Medical
15,Gunnison,2016-03-01,,Medical
16,Jefferson,2016-03-01,1715396.0,Medical
17,La Plata,2016-03-01,404686.0,Medical
18,Larimer,2016-03-01,1401215.0,Medical
19,Las Animas,2016-03-01,,Medical
20,Mesa,2016-03-01,,Medical
21,Moffat,2016-03-01,,Medical
22,Montezuma,2016-03-01,102939.0,Medical
23,Montrose,2016-03-01,,Medical
24,Morgan,2016-03-01,,Medical
25,Ouray,2016-03-01,,Medical
26,Park,2016-03-01,,Medical
27,Pitkin,2016-03-01,103033.0,Medical
28,Pueblo,2016-03-01,1240646.0,Medical
29,Routt,2016-03-01,220567.0,Medical
30,Adams,2016-03-01,2909379.0,Retail
31,Arapahoe,2016-03-01,7112616.0,Retail
32,Archuleta,2016-03-01,,Retail
33,Boulder,2016-03-01,5138199.0,Retail
34,Chaffee,2016-03-01,350973.0,Retail
35,Clear Creek,2016-03-01,561094.0,Retail
36,Conejos,2016-03-01,211950.0,Retail
37,Costilla,2016-03-01,195952.0,Retail
38,Denver,2016-03-01,21459311.0,Retail
39,Eagle,2016-03-01,1283537.0,Retail
40,El Paso,2016-03-01,,Retail
41,Garfield,2016-03-01,1095523.0,Retail
42,Gilpin,2016-03-01,188204.0,Retail
43,Grand,2016-03-01,360353.0,Retail
44,Gunnison,2016-03-01,490823.0,Retail
45,Huerfano,2016-03-01,,Retail
46,Jefferson,2016-03-01,3327498.0,Retail
47,Lake,2016-03-01,,Retail
48,La Plata,2016-03-01,1679875.0,Retail
49,Larimer,2016-03-01,3197373.0,Retail
50,Las Animas,2016-03-01,1284687.0,Retail
51,Mesa,2016-03-01,,Retail
52,Montezuma,2016-03-01,728890.0,Retail
53,Morgan,2016-03-01,,Retail
54,Ouray,2016-03-01,,Retail
55,Park,2016-03-01,229022.0,Retail
56,Pitkin,2016-03-01,1082334.0,Retail
57,Pueblo,2016-03-01,2074591.0,Retail
58,Routt,2016-03-01,759132.0,Retail
59,Saguache,2016-03-01,,Retail
0,Adams,2016-04-01,387146.0,Medical
1,Alamosa,2016-04-01,,Medical
2,Arapahoe,2016-04-01,1682301.0,Medical
3,Archuleta,2016-04-01,,Medical
4,Boulder,2016-04-01,2706731.0,Medical
5,Chaffee,2016-04-01,,Medical
6,Clear Creek,2016-04-01,80570.0,Medical
7,Costilla,2016-04-01,,Medical
8,Denver,2016-04-01,17690729.0,Medical
9,Eagle,2016-04-01,231691.0,Medical
10,El Paso,2016-04-01,8357949.0,Medical
11,Fremont,2016-04-01,217581.0,Medical
12,Garfield,2016-04-01,468925.0,Medical
13,Gilpin,2016-04-01,,Medical
14,Grand,2016-04-01,,Medical
15,Gunnison,2016-04-01,,Medical
16,Jefferson,2016-04-01,1727954.0,Medical
17,La Plata,2016-04-01,410448.0,Medical
18,Larimer,2016-04-01,1388304.0,Medical
19,Las Animas,2016-04-01,,Medical
20,Mesa,2016-04-01,,Medical
21,Moffat,2016-04-01,,Medical
22,Montezuma,2016-04-01,114171.0,Medical
23,Montrose,2016-04-01,,Medical
24,Morgan,2016-04-01,,Medical
25,Ouray,2016-04-01,,Medical
26,Park,2016-04-01,,Medical
27,Pitkin,2016-04-01,88482.0,Medical
28,Pueblo,2016-04-01,1248985.0,Medical
29,Routt,2016-04-01,188783.0,Medical
30,Adams,2016-04-01,3187313.0,Retail
31,Arapahoe,2016-04-01,7531661.0,Retail
32,Archuleta,2016-04-01,,Retail
33,Boulder,2016-04-01,5082136.0,Retail
34,Chaffee,2016-04-01,300638.0,Retail
35,Clear Creek,2016-04-01,423714.0,Retail
36,Conejos,2016-04-01,221411.0,Retail
37,Costilla,2016-04-01,184198.0,Retail
38,Denver,2016-04-01,22606396.0,Retail
39,Eagle,2016-04-01,820436.0,Retail
40,El Paso,2016-04-01,,Retail
41,Garfield,2016-04-01,1153014.0,Retail
42,Gilpin,2016-04-01,190800.0,Retail
43,Grand,2016-04-01,233601.0,Retail
44,Gunnison,2016-04-01,325678.0,Retail
45,Huerfano,2016-04-01,,Retail
46,Jefferson,2016-04-01,3572554.0,Retail
47,Lake,2016-04-01,,Retail
48,La Plata,2016-04-01,1598561.0,Retail
49,Larimer,2016-04-01,3233416.0,Retail
50,Las Animas,2016-04-01,1258520.0,Retail
51,Mesa,2016-04-01,,Retail
52,Montezuma,2016-04-01,727306.0,Retail
53,Morgan,2016-04-01,,Retail
54,Ouray,2016-04-01,,Retail
55,Park,2016-04-01,199423.0,Retail
56,Pitkin,2016-04-01,501414.0,Retail
57,Pueblo,2016-04-01,2069169.0,Retail
58,Routt,2016-04-01,550366.0,Retail
59,Saguache,2016-04-01,,Retail
0,Adams,2016-05-01,391906.0,Medical
1,Alamosa,2016-05-01,,Medical
2,Arapahoe,2016-05-01,1511924.0,Medical
3,Archuleta,2016-05-01,,Medical
4,Boulder,2016-05-01,2436555.0,Medical
5,Chaffee,2016-05-01,,Medical
6,Clear Creek,2016-05-01,83258.0,Medical
7,Costilla,2016-05-01,,Medical
8,Denver,2016-05-01,17833330.0,Medical
9,Eagle,2016-05-01,194685.0,Medical
10,El Paso,2016-05-01,8343490.0,Medical
11,Fremont,2016-05-01,207499.0,Medical
12,Garfield,2016-05-01,526740.0,Medical
13,Gilpin,2016-05-01,,Medical
14,Grand,2016-05-01,,Medical
15,Gunnison,2016-05-01,,Medical
16,Jefferson,2016-05-01,1679965.0,Medical
17,La Plata,2016-05-01,400259.0,Medical
18,Larimer,2016-05-01,1292029.0,Medical
19,Las Animas,2016-05-01,,Medical
20,Mesa,2016-05-01,,Medical
21,Moffat,2016-05-01,,Medical
22,Montezuma,2016-05-01,100642.0,Medical
23,Montrose,2016-05-01,,Medical
24,Morgan,2016-05-01,,Medical
25,Ouray,2016-05-01,,Medical
26,Park,2016-05-01,,Medical
27,Pitkin,2016-05-01,80601.0,Medical
28,Pueblo,2016-05-01,1262557.0,Medical
29,Routt,2016-05-01,,Medical
30,Adams,2016-05-01,3360096.0,Retail
31,Arapahoe,2016-05-01,7426175.0,Retail
32,Archuleta,2016-05-01,,Retail
33,Boulder,2016-05-01,5315292.0,Retail
34,Chaffee,2016-05-01,333276.0,Retail
35,Clear Creek,2016-05-01,452848.0,Retail
36,Conejos,2016-05-01,257716.0,Retail
37,Costilla,2016-05-01,223862.0,Retail
38,Denver,2016-05-01,21615189.0,Retail
39,Eagle,2016-05-01,650881.0,Retail
40,El Paso,2016-05-01,,Retail
41,Garfield,2016-05-01,1210134.0,Retail
42,Gilpin,2016-05-01,225826.0,Retail
43,Grand,2016-05-01,189787.0,Retail
44,Gunnison,2016-05-01,344705.0,Retail
45,Huerfano,2016-05-01,,Retail
46,Jefferson,2016-05-01,3572041.0,Retail
47,Lake,2016-05-01,147684.0,Retail
48,La Plata,2016-05-01,1740113.0,Retail
49,Larimer,2016-05-01,3465166.0,Retail
50,Las Animas,2016-05-01,1456567.0,Retail
51,Mesa,2016-05-01,,Retail
52,Montezuma,2016-05-01,842550.0,Retail
53,Morgan,2016-05-01,543167.0,Retail
54,Ouray,2016-05-01,325887.0,Retail
55,Park,2016-05-01,237775.0,Retail
56,Pitkin,2016-05-01,392581.0,Retail
57,Pueblo,2016-05-01,2184317.0,Retail
58,Routt,2016-05-01,514632.0,Retail
59,Saguache,2016-05-01,,Retail
0,Adams,2016-06-01,379841.0,Medical
1,Alamosa,2016-06-01,,Medical
2,Arapahoe,2016-06-01,1485581.0,Medical
3,Archuleta,2016-06-01,,Medical
4,Boulder,2016-06-01,2271053.0,Medical
5,Chaffee,2016-06-01,,Medical
6,Clear Creek,2016-06-01,68418.0,Medical
7,Costilla,2016-06-01,,Medical
8,Denver,2016-06-01,18632737.0,Medical
9,Eagle,2016-06-01,211161.0,Medical
10,El Paso,2016-06-01,8443101.0,Medical
11,Fremont,2016-06-01,212028.0,Medical
12,Garfield,2016-06-01,426581.0,Medical
13,Gilpin,2016-06-01,,Medical
14,Grand,2016-06-01,,Medical
15,Gunnison,2016-06-01,,Medical
16,Jefferson,2016-06-01,1538630.0,Medical
17,La Plata,2016-06-01,441148.0,Medical
18,Larimer,2016-06-01,1222737.0,Medical
19,Las Animas,2016-06-01,,Medical
20,Mesa,2016-06-01,,Medical
21,Moffat,2016-06-01,,Medical
22,Montezuma,2016-06-01,96553.0,Medical
23,Montrose,2016-06-01,,Medical
24,Morgan,2016-06-01,,Medical
25,Ouray,2016-06-01,,Medical
26,Park,2016-06-01,,Medical
27,Pitkin,2016-06-01,94197.0,Medical
28,Pueblo,2016-06-01,1386239.0,Medical
29,Routt,2016-06-01,140614.0,Medical
30,Adams,2016-06-01,3434567.0,Retail
31,Arapahoe,2016-06-01,7565406.0,Retail
32,Archuleta,2016-06-01,,Retail
33,Boulder,2016-06-01,5541278.0,Retail
34,Chaffee,2016-06-01,455848.0,Retail
35,Clear Creek,2016-06-01,553669.0,Retail
36,Conejos,2016-06-01,332403.0,Retail
37,Costilla,2016-06-01,265269.0,Retail
38,Denver,2016-06-01,21841675.0,Retail
39,Eagle,2016-06-01,842569.0,Retail
40,El Paso,2016-06-01,,Retail
41,Garfield,2016-06-01,1333408.0,Retail
42,Gilpin,2016-06-01,243952.0,Retail
43,Grand,2016-06-01,261059.0,Retail
44,Gunnison,2016-06-01,479935.0,Retail
45,Huerfano,2016-06-01,,Retail
46,Jefferson,2016-06-01,3753947.0,Retail
47,Lake,2016-06-01,206574.0,Retail
48,La Plata,2016-06-01,1939519.0,Retail
49,Larimer,2016-06-01,3648840.0,Retail
50,Las Animas,2016-06-01,1622815.0,Retail
51,Mesa,2016-06-01,,Retail
52,Montezuma,2016-06-01,914168.0,Retail
53,Morgan,2016-06-01,549251.0,Retail
54,Ouray,2016-06-01,,Retail
55,Park,2016-06-01,299449.0,Retail
56,Pitkin,2016-06-01,673427.0,Retail
57,Pueblo,2016-06-01,2365115.0,Retail
58,Routt,2016-06-01,649366.0,Retail
59,Saguache,2016-06-01,,Retail
0,Adams,2016-07-01,407856.0,Medical
1,Alamosa,2016-07-01,,Medical
2,Arapahoe,2016-07-01,1544755.0,Medical
3,Archuleta,2016-07-01,,Medical
4,Boulder,2016-07-01,2288359.0,Medical
5,Chaffee,2016-07-01,,Medical
6,Clear Creek,2016-07-01,69153.0,Medical
7,Costilla,2016-07-01,,Medical
8,Denver,2016-07-01,19516909.0,Medical
9,Eagle,2016-07-01,203569.0,Medical
10,El Paso,2016-07-01,9016410.0,Medical
11,Fremont,2016-07-01,229800.0,Medical
12,Garfield,2016-07-01,443929.0,Medical
13,Gilpin,2016-07-01,,Medical
14,Grand,2016-07-01,,Medical
15,Gunnison,2016-07-01,,Medical
16,Jefferson,2016-07-01,1706015.0,Medical
17,La Plata,2016-07-01,429948.0,Medical
18,Larimer,2016-07-01,1355537.0,Medical
19,Las Animas,2016-07-01,,Medical
20,Mesa,2016-07-01,,Medical
21,Moffat,2016-07-01,,Medical
22,Montezuma,2016-07-01,104162.0,Medical
23,Montrose,2016-07-01,,Medical
24,Morgan,2016-07-01,,Medical
25,Ouray,2016-07-01,,Medical
26,Park,2016-07-01,,Medical
27,Pitkin,2016-07-01,97253.0,Medical
28,Pueblo,2016-07-01,1351605.0,Medical
29,Routt,2016-07-01,157223.0,Medical
30,Adams,2016-07-01,4154813.0,Retail
31,Arapahoe,2016-07-01,8738376.0,Retail
32,Archuleta,2016-07-01,,Retail
33,Boulder,2016-07-01,6365624.0,Retail
34,Chaffee,2016-07-01,,Retail
35,Clear Creek,2016-07-01,672704.0,Retail
36,Conejos,2016-07-01,436196.0,Retail
37,Costilla,2016-07-01,383906.0,Retail
38,Denver,2016-07-01,25938973.0,Retail
39,Eagle,2016-07-01,1111856.0,Retail
40,El Paso,2016-07-01,,Retail
41,Garfield,2016-07-01,1628885.0,Retail
42,Gilpin,2016-07-01,267260.0,Retail
43,Grand,2016-07-01,381080.0,Retail
44,Gunnison,2016-07-01,459794.0,Retail
45,Huerfano,2016-07-01,,Retail
46,Jefferson,2016-07-01,4318330.0,Retail
47,Lake,2016-07-01,274691.0,Retail
48,La Plata,2016-07-01,2306604.0,Retail
49,Larimer,2016-07-01,4181160.0,Retail
50,Las Animas,2016-07-01,2179979.0,Retail
51,Mesa,2016-07-01,,Retail
52,Montezuma,2016-07-01,1187679.0,Retail
53,Morgan,2016-07-01,634140.0,Retail
54,Ouray,2016-07-01,505470.0,Retail
55,Park,2016-07-01,381198.0,Retail
56,Pitkin,2016-07-01,1062245.0,Retail
57,Pueblo,2016-07-01,2995085.0,Retail
58,Routt,2016-07-01,882414.0,Retail
59,Saguache,2016-07-01,,Retail
0,Adams,2016-08-01,405729.0,Medical
1,Alamosa,2016-08-01,,Medical
2,Arapahoe,2016-08-01,1587942.0,Medical
3,Archuleta,2016-08-01,,Medical
4,Boulder,2016-08-01,2346058.0,Medical
5,Chaffee,2016-08-01,,Medical
6,Clear Creek,2016-08-01,90213.0,Medical
7,Costilla,2016-08-01,,Medical
8,Denver,2016-08-01,20203873.0,Medical
9,Eagle,2016-08-01,207938.0,Medical
10,El Paso,2016-08-01,9379173.0,Medical
11,Fremont,2016-08-01,241413.0,Medical
12,Garfield,2016-08-01,492910.0,Medical
13,Gilpin,2016-08-01,,Medical
14,Grand,2016-08-01,,Medical
15,Gunnison,2016-08-01,,Medical
16,Jefferson,2016-08-01,1704885.0,Medical
17,La Plata,2016-08-01,447191.0,Medical
18,Larimer,2016-08-01,1416132.0,Medical
19,Las Animas,2016-08-01,,Medical
20,Mesa,2016-08-01,,Medical
21,Moffat,2016-08-01,,Medical
22,Montezuma,2016-08-01,88650.0,Medical
23,Montrose,2016-08-01,,Medical
24,Morgan,2016-08-01,,Medical
25,Ouray,2016-08-01,,Medical
26,Park,2016-08-01,,Medical
27,Pitkin,2016-08-01,101521.0,Medical
28,Pueblo,2016-08-01,945662.0,Medical
29,Routt,2016-08-01,171608.0,Medical
30,Adams,2016-08-01,4444010.0,Retail
31,Arapahoe,2016-08-01,9084765.0,Retail
32,Archuleta,2016-08-01,,Retail
33,Boulder,2016-08-01,6420613.0,Retail
34,Chaffee,2016-08-01,,Retail
35,Clear Creek,2016-08-01,660536.0,Retail
36,Conejos,2016-08-01,424132.0,Retail
37,Costilla,2016-08-01,369689.0,Retail
38,Denver,2016-08-01,27642402.0,Retail
39,Eagle,2016-08-01,1120217.0,Retail
40,El Paso,2016-08-01,,Retail
41,Garfield,2016-08-01,1712513.0,Retail
42,Gilpin,2016-08-01,284116.0,Retail
43,Grand,2016-08-01,401001.0,Retail
44,Gunnison,2016-08-01,477649.0,Retail
45,Huerfano,2016-08-01,,Retail
46,Jefferson,2016-08-01,4468831.0,Retail
47,Lake,2016-08-01,297877.0,Retail
48,La Plata,2016-08-01,2212954.0,Retail
49,Larimer,2016-08-01,4318202.0,Retail
50,Las Animas,2016-08-01,2193813.0,Retail
51,Mesa,2016-08-01,,Retail
52,Montezuma,2016-08-01,1297984.0,Retail
53,Morgan,2016-08-01,,Retail
54,Ouray,2016-08-01,492384.0,Retail
55,Park,2016-08-01,378230.0,Retail
56,Pitkin,2016-08-01,1017858.0,Retail
57,Pueblo,2016-08-01,2940830.0,Retail
58,Routt,2016-08-01,888583.0,Retail
59,Saguache,2016-08-01,,Retail
0,Adams,2016-09-01,412289.0,Medical
1,Alamosa,2016-09-01,,Medical
2,Arapahoe,2016-09-01,1493979.0,Medical
3,Archuleta,2016-09-01,,Medical
4,Boulder,2016-09-01,2337601.0,Medical
5,Chaffee,2016-09-01,,Medical
6,Clear Creek,2016-09-01,76291.0,Medical
7,Costilla,2016-09-01,,Medical
8,Denver,2016-09-01,19190347.0,Medical
9,Eagle,2016-09-01,191615.0,Medical
10,El Paso,2016-09-01,9387013.0,Medical
11,Fremont,2016-09-01,239079.0,Medical
12,Garfield,2016-09-01,425704.0,Medical
13,Gilpin,2016-09-01,,Medical
14,Grand,2016-09-01,,Medical
15,Gunnison,2016-09-01,,Medical
16,Jefferson,2016-09-01,1611356.0,Medical
17,La Plata,2016-09-01,442682.0,Medical
18,Larimer,2016-09-01,1335581.0,Medical
19,Las Animas,2016-09-01,,Medical
20,Mesa,2016-09-01,,Medical
21,Moffat,2016-09-01,,Medical
22,Montezuma,2016-09-01,84028.0,Medical
23,Montrose,2016-09-01,,Medical
24,Morgan,2016-09-01,,Medical
25,Ouray,2016-09-01,,Medical
26,Park,2016-09-01,,Medical
27,Pitkin,2016-09-01,79255.0,Medical
28,Pueblo,2016-09-01,924444.0,Medical
29,Routt,2016-09-01,,Medical
30,Adams,2016-09-01,4668880.0,Retail
31,Arapahoe,2016-09-01,9183907.0,Retail
32,Archuleta,2016-09-01,,Retail
33,Boulder,2016-09-01,6306894.0,Retail
34,Chaffee,2016-09-01,489993.0,Retail
35,Clear Creek,2016-09-01,608871.0,Retail
36,Conejos,2016-09-01,435435.0,Retail
37,Costilla,2016-09-01,342066.0,Retail
38,Denver,2016-09-01,29423313.0,Retail
39,Eagle,2016-09-01,995070.0,Retail
40,El Paso,2016-09-01,,Retail
41,Garfield,2016-09-01,1754542.0,Retail
42,Gilpin,2016-09-01,300505.0,Retail
43,Grand,2016-09-01,,Retail
44,Gunnison,2016-09-01,627401.0,Retail
45,Huerfano,2016-09-01,,Retail
46,Jefferson,2016-09-01,4537417.0,Retail
47,Lake,2016-09-01,251980.0,Retail
48,La Plata,2016-09-01,2226213.0,Retail
49,Larimer,2016-09-01,4343498.0,Retail
50,Las Animas,2016-09-01,2485885.0,Retail
51,Mesa,2016-09-01,,Retail
52,Montezuma,2016-09-01,1439910.0,Retail
53,Morgan,2016-09-01,652609.0,Retail
54,Ouray,2016-09-01,515896.0,Retail
55,Park,2016-09-01,359173.0,Retail
56,Pitkin,2016-09-01,852785.0,Retail
57,Pueblo,2016-09-01,3140055.0,Retail
58,Routt,2016-09-01,835572.0,Retail
59,Saguache,2016-09-01,,Retail
0,Adams,2016-10-01,416490.0,Medical
1,Alamosa,2016-10-01,,Medical
2,Arapahoe,2016-10-01,1472572.0,Medical
3,Archuleta,2016-10-01,,Medical
4,Boulder,2016-10-01,2202702.0,Medical
5,Chaffee,2016-10-01,,Medical
6,Clear Creek,2016-10-01,69509.0,Medical
7,Costilla,2016-10-01,,Medical
8,Denver,2016-10-01,17196445.0,Medical
9,Eagle,2016-10-01,173346.0,Medical
10,El Paso,2016-10-01,8569109.0,Medical
11,Fremont,2016-10-01,189039.0,Medical
12,Garfield,2016-10-01,342751.0,Medical
13,Gilpin,2016-10-01,,Medical
14,Grand,2016-10-01,,Medical
15,Gunnison,2016-10-01,,Medical
16,Jefferson,2016-10-01,1637140.0,Medical
17,La Plata,2016-10-01,376178.0,Medical
18,Larimer,2016-10-01,1303215.0,Medical
19,Las Animas,2016-10-01,,Medical
20,Mesa,2016-10-01,,Medical
21,Moffat,2016-10-01,,Medical
22,Montezuma,2016-10-01,65684.0,Medical
23,Montrose,2016-10-01,,Medical
24,Morgan,2016-10-01,,Medical
25,Ouray,2016-10-01,,Medical
26,Park,2016-10-01,,Medical
27,Pitkin,2016-10-01,71227.0,Medical
28,Pueblo,2016-10-01,645119.0,Medical
29,Routt,2016-10-01,205695.0,Medical
30,Adams,2016-10-01,4578245.0,Retail
31,Arapahoe,2016-10-01,8954428.0,Retail
32,Archuleta,2016-10-01,,Retail
33,Boulder,2016-10-01,5993882.0,Retail
34,Chaffee,2016-10-01,352254.0,Retail
35,Clear Creek,2016-10-01,486814.0,Retail
36,Conejos,2016-10-01,380038.0,Retail
37,Costilla,2016-10-01,265876.0,Retail
38,Denver,2016-10-01,28578229.0,Retail
39,Eagle,2016-10-01,852099.0,Retail
40,El Paso,2016-10-01,,Retail
41,Garfield,2016-10-01,1608072.0,Retail
42,Gilpin,2016-10-01,253131.0,Retail
43,Grand,2016-10-01,258512.0,Retail
44,Gunnison,2016-10-01,481440.0,Retail
45,Huerfano,2016-10-01,,Retail
46,Jefferson,2016-10-01,4226976.0,Retail
47,Lake,2016-10-01,198027.0,Retail
48,La Plata,2016-10-01,1954316.0,Retail
49,Larimer,2016-10-01,4204839.0,Retail
50,Las Animas,2016-10-01,2343718.0,Retail
51,Mesa,2016-10-01,,Retail
52,Montezuma,2016-10-01,1412949.0,Retail
53,Morgan,2016-10-01,621119.0,Retail
54,Ouray,2016-10-01,404670.0,Retail
55,Park,2016-10-01,304140.0,Retail
56,Pitkin,2016-10-01,527278.0,Retail
57,Pueblo,2016-10-01,2730719.0,Retail
58,Routt,2016-10-01,665803.0,Retail
59,Saguache,2016-10-01,,Retail
0,Adams,2016-11-01,529977.0,Medical
1,Alamosa,2016-11-01,,Medical
2,Arapahoe,2016-11-01,1458869.0,Medical
3,Archuleta,2016-11-01,,Medical
4,Boulder,2016-11-01,2099029.0,Medical
5,Chaffee,2016-11-01,,Medical
6,Clear Creek,2016-11-01,70063.0,Medical
7,Costilla,2016-11-01,,Medical
8,Denver,2016-11-01,17182972.0,Medical
9,Eagle,2016-11-01,150334.0,Medical
10,El Paso,2016-11-01,8011818.0,Medical
11,Fremont,2016-11-01,,Medical
12,Garfield,2016-11-01,317199.0,Medical
13,Gilpin,2016-11-01,,Medical
14,Grand,2016-11-01,,Medical
15,Gunnison,2016-11-01,,Medical
16,Jefferson,2016-11-01,1474361.0,Medical
17,La Plata,2016-11-01,339564.0,Medical
18,Larimer,2016-11-01,1211727.0,Medical
19,Las Animas,2016-11-01,,Medical
20,Mesa,2016-11-01,,Medical
21,Moffat,2016-11-01,,Medical
22,Montezuma,2016-11-01,62866.0,Medical
23,Montrose,2016-11-01,,Medical
24,Morgan,2016-11-01,,Medical
25,Ouray,2016-11-01,,Medical
26,Park,2016-11-01,,Medical
27,Pitkin,2016-11-01,60322.0,Medical
28,Pueblo,2016-11-01,659236.0,Medical
29,Routt,2016-11-01,168346.0,Medical
30,Adams,2016-11-01,4396031.0,Retail
31,Arapahoe,2016-11-01,8514717.0,Retail
32,Archuleta,2016-11-01,,Retail
33,Boulder,2016-11-01,5444937.0,Retail
34,Chaffee,2016-11-01,308023.0,Retail
35,Clear Creek,2016-11-01,431209.0,Retail
36,Conejos,2016-11-01,320078.0,Retail
37,Costilla,2016-11-01,228406.0,Retail
38,Denver,2016-11-01,26146211.0,Retail
39,Eagle,2016-11-01,886933.0,Retail
40,El Paso,2016-11-01,,Retail
41,Garfield,2016-11-01,1372095.0,Retail
42,Gilpin,2016-11-01,187219.0,Retail
43,Grand,2016-11-01,250357.0,Retail
44,Gunnison,2016-11-01,390416.0,Retail
45,Huerfano,2016-11-01,,Retail
46,Jefferson,2016-11-01,3935409.0,Retail
47,La Plata,2016-11-01,1718599.0,Retail
48,Lake,2016-11-01,,Retail
49,Larimer,2016-11-01,3964140.0,Retail
50,Las Animas,2016-11-01,2305460.0,Retail
51,Mesa,2016-11-01,,Retail
52,Montezuma,2016-11-01,1212346.0,Retail
53,Morgan,2016-11-01,558715.0,Retail
54,Ouray,2016-11-01,298217.0,Retail
55,Park,2016-11-01,277990.0,Retail
56,Pitkin,2016-11-01,445008.0,Retail
57,Pueblo,2016-11-01,2583047.0,Retail
58,Routt,2016-11-01,593501.0,Retail
59,Saguache,2016-11-01,,Retail
0,Adams,2016-12-01,568391.0,Medical
1,Alamosa,2016-12-01,,Medical
2,Arapahoe,2016-12-01,1447994.0,Medical
3,Archuleta,2016-12-01,,Medical
4,Boulder,2016-12-01,2510721.0,Medical
5,Chaffee,2016-12-01,,Medical
6,Clear Creek,2016-12-01,61999.0,Medical
7,Costilla,2016-12-01,,Medical
8,Denver,2016-12-01,16064917.0,Medical
9,Eagle,2016-12-01,163815.0,Medical
10,El Paso,2016-12-01,8417826.0,Medical
11,Fremont,2016-12-01,173405.0,Medical
12,Garfield,2016-12-01,322592.0,Medical
13,Gilpin,2016-12-01,,Medical
14,Grand,2016-12-01,,Medical
15,Gunnison,2016-12-01,,Medical
16,Jefferson,2016-12-01,1545983.0,Medical
17,La Plata,2016-12-01,334003.0,Medical
18,Larimer,2016-12-01,1260854.0,Medical
19,Las Animas,2016-12-01,,Medical
20,Mesa,2016-12-01,,Medical
21,Moffat,2016-12-01,,Medical
22,Montezuma,2016-12-01,,Medical
23,Montrose,2016-12-01,,Medical
24,Morgan,2016-12-01,,Medical
25,Otero,2016-12-01,,Medical
26,Ouray,2016-12-01,,Medical
27,Park,2016-12-01,,Medical
28,Pitkin,2016-12-01,70724.0,Medical
29,Pueblo,2016-12-01,637069.0,Medical
30,Adams,2016-12-01,4593466.0,Retail
31,Arapahoe,2016-12-01,9260969.0,Retail
32,Archuleta,2016-12-01,,Retail
33,Boulder,2016-12-01,5821440.0,Retail
34,Chaffee,2016-12-01,351614.0,Retail
35,Clear Creek,2016-12-01,526729.0,Retail
36,Conejos,2016-12-01,339375.0,Retail
37,Costilla,2016-12-01,223780.0,Retail
38,Denver,2016-12-01,27400081.0,Retail
39,Eagle,2016-12-01,1398924.0,Retail
40,El Paso,2016-12-01,,Retail
41,Garfield,2016-12-01,1451481.0,Retail
42,Gilpin,2016-12-01,204163.0,Retail
43,Grand,2016-12-01,390044.0,Retail
44,Gunnison,2016-12-01,530400.0,Retail
45,Huerfano,2016-12-01,,Retail
46,Jefferson,2016-12-01,4354956.0,Retail
47,Lake,2016-12-01,182830.0,Retail
48,La Plata,2016-12-01,2011310.0,Retail
49,Larimer,2016-12-01,4145435.0,Retail
50,Las Animas,2016-12-01,2389493.0,Retail
51,Mesa,2016-12-01,,Retail
52,Montezuma,2016-12-01,1211288.0,Retail
53,Morgan,2016-12-01,579314.0,Retail
54,Ouray,2016-12-01,334503.0,Retail
55,Park,2016-12-01,301869.0,Retail
56,Pitkin,2016-12-01,1065431.0,Retail
57,Pueblo,2016-12-01,2566125.0,Retail
58,Routt,2016-12-01,789398.0,Retail
59,Saguache,2016-12-01,,Retail
0,Adams,2017-01-01,520138.0,Medical
1,Alamosa,2017-01-01,,Medical
2,Arapahoe,2017-01-01,1137598.0,Medical
3,Archuleta,2017-01-01,,Medical
4,Boulder,2017-01-01,1943678.0,Medical
5,Chaffee,2017-01-01,,Medical
6,Clear Creek,2017-01-01,52434.0,Medical
7,Costilla,2017-01-01,,Medical
8,Denver,2017-01-01,15275938.0,Medical
9,Eagle,2017-01-01,135334.0,Medical
10,El Paso,2017-01-01,7656270.0,Medical
11,Fremont,2017-01-01,,Medical
12,Garfield,2017-01-01,308266.0,Medical
13,Gilpin,2017-01-01,,Medical
14,Grand,2017-01-01,,Medical
15,Gunnison,2017-01-01,,Medical
16,Jefferson,2017-01-01,1370186.0,Medical
17,La Plata,2017-01-01,301119.0,Medical
18,Larimer,2017-01-01,1099359.0,Medical
19,Las Animas,2017-01-01,,Medical
20,Mesa,2017-01-01,,Medical
21,Moffat,2017-01-01,,Medical
22,Montezuma,2017-01-01,55703.0,Medical
23,Montrose,2017-01-01,,Medical
24,Morgan,2017-01-01,,Medical
25,Otero,2017-01-01,,Medical
26,Ouray,2017-01-01,,Medical
27,Park,2017-01-01,,Medical
28,Pitkin,2017-01-01,66911.0,Medical
29,Pueblo,2017-01-01,515017.0,Medical
30,Adams,2017-01-01,4192709.0,Retail
31,Arapahoe,2017-01-01,8481055.0,Retail
32,Archuleta,2017-01-01,,Retail
33,Boulder,2017-01-01,5351831.0,Retail
34,Chaffee,2017-01-01,316009.0,Retail
35,Clear Creek,2017-01-01,584198.0,Retail
36,Conejos,2017-01-01,294331.0,Retail
37,Costilla,2017-01-01,214330.0,Retail
38,Denver,2017-01-01,25681498.0,Retail
39,Eagle,2017-01-01,1297711.0,Retail
40,El Paso,2017-01-01,,Retail
41,Garfield,2017-01-01,1373945.0,Retail
42,Gilpin,2017-01-01,157003.0,Retail
43,Grand,2017-01-01,378163.0,Retail
44,Gunnison,2017-01-01,546542.0,Retail
45,Huerfano,2017-01-01,,Retail
46,Jefferson,2017-01-01,4098431.0,Retail
47,Lake,2017-01-01,188571.0,Retail
48,La Plata,2017-01-01,1655168.0,Retail
49,Larimer,2017-01-01,3695944.0,Retail
50,Las Animas,2017-01-01,2162976.0,Retail
51,Mesa,2017-01-01,,Retail
52,Montezuma,2017-01-01,1146208.0,Retail
53,Morgan,2017-01-01,,Retail
54,Ouray,2017-01-01,326182.0,Retail
55,Park,2017-01-01,267804.0,Retail
56,Pitkin,2017-01-01,1164037.0,Retail
57,Pueblo,2017-01-01,2334107.0,Retail
58,Routt,2017-01-01,938153.0,Retail
59,Saguache,2017-01-01,,Retail
0,Adams,2017-02-01,602151.0,Medical
1,Alamosa,2017-02-01,,Medical
2,Arapahoe,2017-02-01,1330979.0,Medical
3,Archuleta,2017-02-01,,Medical
4,Boulder,2017-02-01,1728022.0,Medical
5,Chaffee,2017-02-01,,Medical
6,Clear Creek,2017-02-01,59126.0,Medical
7,Costilla,2017-02-01,,Medical
8,Denver,2017-02-01,14300291.0,Medical
9,Eagle,2017-02-01,136357.0,Medical
10,El Paso,2017-02-01,7876520.0,Medical
11,Fremont,2017-02-01,164115.0,Medical
12,Garfield,2017-02-01,274508.0,Medical
13,Gilpin,2017-02-01,,Medical
14,Grand,2017-02-01,,Medical
15,Gunnison,2017-02-01,,Medical
16,Jefferson,2017-02-01,1519126.0,Medical
17,La Plata,2017-02-01,282052.0,Medical
18,Larimer,2017-02-01,1041868.0,Medical
19,Las Animas,2017-02-01,31212.0,Medical
20,Mesa,2017-02-01,,Medical
21,Moffat,2017-02-01,,Medical
22,Montezuma,2017-02-01,57030.0,Medical
23,Montrose,2017-02-01,,Medical
24,Morgan,2017-02-01,,Medical
25,Otero,2017-02-01,,Medical
26,Ouray,2017-02-01,,Medical
27,Park,2017-02-01,,Medical
28,Pitkin,2017-02-01,64017.0,Medical
29,Pueblo,2017-02-01,562271.0,Medical
30,Adams,2017-02-01,4117924.0,Retail
31,Arapahoe,2017-02-01,8243087.0,Retail
32,Archuleta,2017-02-01,498578.0,Retail
33,Boulder,2017-02-01,5165008.0,Retail
34,Chaffee,2017-02-01,311277.0,Retail
35,Clear Creek,2017-02-01,551247.0,Retail
36,Conejos,2017-02-01,331768.0,Retail
37,Costilla,2017-02-01,214658.0,Retail
38,Denver,2017-02-01,25223748.0,Retail
39,Eagle,2017-02-01,1277562.0,Retail
40,El Paso,2017-02-01,,Retail
41,Garfield,2017-02-01,1492785.0,Retail
42,Gilpin,2017-02-01,180512.0,Retail
43,Grand,2017-02-01,366095.0,Retail
44,Gunnison,2017-02-01,493440.0,Retail
45,Huerfano,2017-02-01,,Retail
46,Jefferson,2017-02-01,3970982.0,Retail
47,La Plata,2017-02-01,1708769.0,Retail
48,Lake,2017-02-01,187885.0,Retail
49,Larimer,2017-02-01,3771110.0,Retail
50,Las Animas,2017-02-01,2558480.0,Retail
51,Mesa,2017-02-01,,Retail
52,Montezuma,2017-02-01,1275430.0,Retail
53,Morgan,2017-02-01,623494.0,Retail
54,Ouray,2017-02-01,331947.0,Retail
55,Park,2017-02-01,275968.0,Retail
56,Pitkin,2017-02-01,1076901.0,Retail
57,Pueblo,2017-02-01,2575500.0,Retail
58,Routt,2017-02-01,912576.0,Retail
59,Saguache,2017-02-01,,Retail
0,Adams,2017-03-01,913402.0,Medical
1,Alamosa,2017-03-01,,Medical
2,Arapahoe,2017-03-01,1334138.0,Medical
3,Archuleta,2017-03-01,,Medical
4,Boulder,2017-03-01,1997004.0,Medical
5,Chaffee,2017-03-01,,Medical
6,Clear Creek,2017-03-01,64572.0,Medical
7,Costilla,2017-03-01,,Medical
8,Denver,2017-03-01,17960587.0,Medical
9,Eagle,2017-03-01,163530.0,Medical
10,El Paso,2017-03-01,9287927.0,Medical
11,Fremont,2017-03-01,182868.0,Medical
12,Garfield,2017-03-01,336144.0,Medical
13,Gilpin,2017-03-01,,Medical
14,Grand,2017-03-01,,Medical
15,Gunnison,2017-03-01,,Medical
16,Jefferson,2017-03-01,1607995.0,Medical
17,La Plata,2017-03-01,338875.0,Medical
18,Larimer,2017-03-01,1197682.0,Medical
19,Las Animas,2017-03-01,35131.0,Medical
20,Mesa,2017-03-01,,Medical
21,Moffat,2017-03-01,,Medical
22,Montezuma,2017-03-01,63516.0,Medical
23,Montrose,2017-03-01,,Medical
24,Morgan,2017-03-01,,Medical
25,Otero,2017-03-01,,Medical
26,Ouray,2017-03-01,,Medical
27,Park,2017-03-01,,Medical
28,Pitkin,2017-03-01,74384.0,Medical
29,Pueblo,2017-03-01,676620.0,Medical
30,Adams,2017-03-01,5044686.0,Retail
31,Arapahoe,2017-03-01,10106784.0,Retail
32,Archuleta,2017-03-01,605222.0,Retail
33,Boulder,2017-03-01,6322530.0,Retail
34,Chaffee,2017-03-01,423717.0,Retail
35,Clear Creek,2017-03-01,640228.0,Retail
36,Conejos,2017-03-01,401292.0,Retail
37,Costilla,2017-03-01,295783.0,Retail
38,Denver,2017-03-01,30626743.0,Retail
39,Eagle,2017-03-01,1472005.0,Retail
40,El Paso,2017-03-01,,Retail
41,Garfield,2017-03-01,1854980.0,Retail
42,Gilpin,2017-03-01,216220.0,Retail
43,Grand,2017-03-01,452276.0,Retail
44,Gunnison,2017-03-01,617409.0,Retail
45,Huerfano,2017-03-01,,Retail
46,Jefferson,2017-03-01,4831958.0,Retail
47,La Plata,2017-03-01,2125562.0,Retail
48,Lake,2017-03-01,,Retail
49,Larimer,2017-03-01,4573556.0,Retail
50,Las Animas,2017-03-01,3349342.0,Retail
51,Mesa,2017-03-01,,Retail
52,Montezuma,2017-03-01,1684919.0,Retail
53,Morgan,2017-03-01,,Retail
54,Ouray,2017-03-01,,Retail
55,Park,2017-03-01,356540.0,Retail
56,Pitkin,2017-03-01,1277247.0,Retail
57,Pueblo,2017-03-01,3341395.0,Retail
58,Routt,2017-03-01,1010851.0,Retail
59,Saguache,2017-03-01,,Retail
0,Adams,2017-04-01,1170547.0,Medical
1,Alamosa,2017-04-01,,Medical
2,Arapahoe,2017-04-01,1171574.0,Medical
3,Archuleta,2017-04-01,,Medical
4,Boulder,2017-04-01,2002527.0,Medical
5,Chaffee,2017-04-01,,Medical
6,Clear Creek,2017-04-01,53972.0,Medical
7,Costilla,2017-04-01,,Medical
8,Denver,2017-04-01,19101844.0,Medical
9,Eagle,2017-04-01,160790.0,Medical
10,El Paso,2017-04-01,8978250.0,Medical
11,Fremont,2017-04-01,178131.0,Medical
12,Garfield,2017-04-01,307340.0,Medical
13,Gilpin,2017-04-01,,Medical
14,Grand,2017-04-01,,Medical
15,Gunnison,2017-04-01,,Medical
16,Jefferson,2017-04-01,1408453.0,Medical
17,La Plata,2017-04-01,347940.0,Medical
18,Larimer,2017-04-01,1235650.0,Medical
19,Las Animas,2017-04-01,30610.0,Medical
20,Mesa,2017-04-01,,Medical
21,Moffat,2017-04-01,,Medical
22,Montezuma,2017-04-01,72479.0,Medical
23,Montrose,2017-04-01,,Medical
24,Morgan,2017-04-01,,Medical
25,Otero,2017-04-01,,Medical
26,Ouray,2017-04-01,,Medical
27,Park,2017-04-01,,Medical
28,Pitkin,2017-04-01,,Medical
29,Pueblo,2017-04-01,583583.0,Medical
30,Adams,2017-04-01,4969567.0,Retail
31,Arapahoe,2017-04-01,9966130.0,Retail
32,Archuleta,2017-04-01,409149.0,Retail
33,Boulder,2017-04-01,5899546.0,Retail
34,Chaffee,2017-04-01,356366.0,Retail
35,Clear Creek,2017-04-01,478629.0,Retail
36,Conejos,2017-04-01,404901.0,Retail
37,Costilla,2017-04-01,256910.0,Retail
38,Denver,2017-04-01,30186897.0,Retail
39,Eagle,2017-04-01,938098.0,Retail
40,El Paso,2017-04-01,,Retail
41,Garfield,2017-04-01,1809692.0,Retail
42,Gilpin,2017-04-01,191824.0,Retail
43,Grand,2017-04-01,265989.0,Retail
44,Gunnison,2017-04-01,432842.0,Retail
45,Huerfano,2017-04-01,,Retail
46,Jefferson,2017-04-01,4695857.0,Retail
47,Lake,2017-04-01,196156.0,Retail
48,La Plata,2017-04-01,1867263.0,Retail
49,Larimer,2017-04-01,4578590.0,Retail
50,Las Animas,2017-04-01,2875977.0,Retail
51,Mesa,2017-04-01,,Retail
52,Montezuma,2017-04-01,1683864.0,Retail
53,Morgan,2017-04-01,,Retail
54,Ouray,2017-04-01,,Retail
55,Park,2017-04-01,301838.0,Retail
56,Pitkin,2017-04-01,625875.0,Retail
57,Pueblo,2017-04-01,3094658.0,Retail
58,Routt,2017-04-01,689882.0,Retail
59,Saguache,2017-04-01,,Retail
0,Adams,2017-05-01,1075187.0,Medical
1,Alamosa,2017-05-01,,Medical
2,Arapahoe,2017-05-01,1171273.0,Medical
3,Archuleta,2017-05-01,,Medical
4,Boulder,2017-05-01,1906922.0,Medical
5,Chaffee,2017-05-01,,Medical
6,Clear Creek,2017-05-01,55309.0,Medical
7,Costilla,2017-05-01,,Medical
8,Denver,2017-05-01,18140806.0,Medical
9,Eagle,2017-05-01,124904.0,Medical
10,El Paso,2017-05-01,8925573.0,Medical
11,Fremont,2017-05-01,,Medical
12,Garfield,2017-05-01,321107.0,Medical
13,Gilpin,2017-05-01,,Medical
14,Grand,2017-05-01,,Medical
15,Gunnison,2017-05-01,,Medical
16,Jefferson,2017-05-01,1274422.0,Medical
17,La Plata,2017-05-01,313285.0,Medical
18,Larimer,2017-05-01,1167689.0,Medical
19,Las Animas,2017-05-01,,Medical
20,Mesa,2017-05-01,,Medical
21,Moffat,2017-05-01,,Medical
22,Montezuma,2017-05-01,70134.0,Medical
23,Montrose,2017-05-01,,Medical
24,Morgan,2017-05-01,,Medical
25,Otero,2017-05-01,,Medical
26,Ouray,2017-05-01,,Medical
27,Park,2017-05-01,,Medical
28,Pitkin,2017-05-01,59097.0,Medical
29,Pueblo,2017-05-01,599384.0,Medical
30,Adams,2017-05-01,5013781.0,Retail
31,Arapahoe,2017-05-01,9370054.0,Retail
32,Archuleta,2017-05-01,,Retail
33,Boulder,2017-05-01,6368428.0,Retail
34,Chaffee,2017-05-01,433627.0,Retail
35,Clear Creek,2017-05-01,460991.0,Retail
36,Conejos,2017-05-01,444090.0,Retail
37,Costilla,2017-05-01,332894.0,Retail
38,Denver,2017-05-01,30503582.0,Retail
39,Eagle,2017-05-01,689235.0,Retail
40,El Paso,2017-05-01,,Retail
41,Garfield,2017-05-01,1911323.0,Retail
42,Gilpin,2017-05-01,196823.0,Retail
43,Grand,2017-05-01,218635.0,Retail
44,Gunnison,2017-05-01,444435.0,Retail
45,Huerfano,2017-05-01,,Retail
46,Jefferson,2017-05-01,4370646.0,Retail
47,La Plata,2017-05-01,1980269.0,Retail
48,Lake,2017-05-01,197459.0,Retail
49,Larimer,2017-05-01,4562024.0,Retail
50,Las Animas,2017-05-01,3471581.0,Retail
51,Mesa,2017-05-01,,Retail
52,Montezuma,2017-05-01,1766079.0,Retail
53,Morgan,2017-05-01,841413.0,Retail
54,Ouray,2017-05-01,465454.0,Retail
55,Park,2017-05-01,314186.0,Retail
56,Pitkin,2017-05-01,485392.0,Retail
57,Pueblo,2017-05-01,3276386.0,Retail
58,Routt,2017-05-01,634839.0,Retail
59,Saguache,2017-05-01,,Retail
0,Adams,2017-06-01,1091425.0,Medical
1,Alamosa,2017-06-01,,Medical
2,Arapahoe,2017-06-01,1033427.0,Medical
3,Archuleta,2017-06-01,,Medical
4,Boulder,2017-06-01,1846713.0,Medical
5,Chaffee,2017-06-01,,Medical
6,Clear Creek,2017-06-01,57869.0,Medical
7,Costilla,2017-06-01,,Medical
8,Denver,2017-06-01,17634832.0,Medical
9,Eagle,2017-06-01,129118.0,Medical
10,El Paso,2017-06-01,9117656.0,Medical
11,Fremont,2017-06-01,179179.0,Medical
12,Garfield,2017-06-01,292213.0,Medical
13,Gilpin,2017-06-01,,Medical
14,Grand,2017-06-01,,Medical
15,Gunnison,2017-06-01,,Medical
16,Jefferson,2017-06-01,1252570.0,Medical
17,La Plata,2017-06-01,294220.0,Medical
18,Larimer,2017-06-01,1134167.0,Medical
19,Las Animas,2017-06-01,32972.0,Medical
20,Mesa,2017-06-01,,Medical
21,Moffat,2017-06-01,,Medical
22,Montezuma,2017-06-01,81402.0,Medical
23,Montrose,2017-06-01,,Medical
24,Morgan,2017-06-01,,Medical
25,Otero,2017-06-01,,Medical
26,Ouray,2017-06-01,,Medical
27,Park,2017-06-01,,Medical
28,Pitkin,2017-06-01,69389.0,Medical
29,Pueblo,2017-06-01,707393.0,Medical
30,Adams,2017-06-01,5137782.0,Retail
31,Arapahoe,2017-06-01,9314356.0,Retail
32,Archuleta,2017-06-01,691943.0,Retail
33,Boulder,2017-06-01,6880933.0,Retail
34,Chaffee,2017-06-01,559238.0,Retail
35,Clear Creek,2017-06-01,581672.0,Retail
36,Conejos,2017-06-01,510132.0,Retail
37,Costilla,2017-06-01,403056.0,Retail
38,Denver,2017-06-01,31586804.0,Retail
39,Eagle,2017-06-01,916059.0,Retail
40,El Paso,2017-06-01,,Retail
41,Garfield,2017-06-01,2042113.0,Retail
42,Gilpin,2017-06-01,256404.0,Retail
43,Grand,2017-06-01,330529.0,Retail
44,Gunnison,2017-06-01,522302.0,Retail
45,Huerfano,2017-06-01,,Retail
46,Jefferson,2017-06-01,4405653.0,Retail
47,Lake,2017-06-01,248265.0,Retail
48,La Plata,2017-06-01,2206045.0,Retail
49,Larimer,2017-06-01,4929421.0,Retail
50,Las Animas,2017-06-01,3836814.0,Retail
51,Mesa,2017-06-01,,Retail
52,Montezuma,2017-06-01,1863923.0,Retail
53,Morgan,2017-06-01,860998.0,Retail
54,Ouray,2017-06-01,583159.0,Retail
55,Park,2017-06-01,375371.0,Retail
56,Pitkin,2017-06-01,880604.0,Retail
57,Pueblo,2017-06-01,3465138.0,Retail
58,Routt,2017-06-01,796881.0,Retail
59,Saguache,2017-06-01,,Retail
0,Adams,2017-07-01,971747.0,Medical
1,Alamosa,2017-07-01,,Medical
2,Arapahoe,2017-07-01,953749.0,Medical
3,Archuleta,2017-07-01,,Medical
4,Boulder,2017-07-01,1851637.0,Medical
5,Chaffee,2017-07-01,,Medical
6,Clear Creek,2017-07-01,34954.0,Medical
7,Costilla,2017-07-01,,Medical
8,Denver,2017-07-01,17274275.0,Medical
9,Eagle,2017-07-01,142382.0,Medical
10,El Paso,2017-07-01,8717083.0,Medical
11,Fremont,2017-07-01,184871.0,Medical
12,Garfield,2017-07-01,307082.0,Medical
13,Gilpin,2017-07-01,,Medical
14,Grand,2017-07-01,,Medical
15,Gunnison,2017-07-01,,Medical
16,Jefferson,2017-07-01,1282271.0,Medical
17,La Plata,2017-07-01,297527.0,Medical
18,Larimer,2017-07-01,1186223.0,Medical
19,Las Animas,2017-07-01,,Medical
20,Mesa,2017-07-01,,Medical
21,Moffat,2017-07-01,,Medical
22,Montezuma,2017-07-01,73002.0,Medical
23,Montrose,2017-07-01,,Medical
24,Morgan,2017-07-01,,Medical
25,Otero,2017-07-01,,Medical
26,Ouray,2017-07-01,,Medical
27,Park,2017-07-01,,Medical
28,Pitkin,2017-07-01,74079.0,Medical
29,Pueblo,2017-07-01,684190.0,Medical
30,Adams,2017-07-01,5462382.0,Retail
31,Arapahoe,2017-07-01,9672770.0,Retail
32,Archuleta,2017-07-01,884084.0,Retail
33,Boulder,2017-07-01,7070534.0,Retail
34,Chaffee,2017-07-01,662413.0,Retail
35,Clear Creek,2017-07-01,678322.0,Retail
36,Conejos,2017-07-01,586118.0,Retail
37,Costilla,2017-07-01,453934.0,Retail
38,Denver,2017-07-01,34007419.0,Retail
39,Eagle,2017-07-01,1159081.0,Retail
40,El Paso,2017-07-01,,Retail
41,Garfield,2017-07-01,2128843.0,Retail
42,Gilpin,2017-07-01,271414.0,Retail
43,Grand,2017-07-01,455029.0,Retail
44,Gunnison,2017-07-01,892740.0,Retail
45,Huerfano,2017-07-01,,Retail
46,Jefferson,2017-07-01,4525746.0,Retail
47,Lake,2017-07-01,320873.0,Retail
48,La Plata,2017-07-01,2366747.0,Retail
49,Larimer,2017-07-01,5303480.0,Retail
50,Las Animas,2017-07-01,4383708.0,Retail
51,Mesa,2017-07-01,,Retail
52,Montezuma,2017-07-01,1884658.0,Retail
53,Morgan,2017-07-01,909700.0,Retail
54,Ouray,2017-07-01,,Retail
55,Park,2017-07-01,465717.0,Retail
56,Pitkin,2017-07-01,1267251.0,Retail
57,Pueblo,2017-07-01,3762112.0,Retail
58,Routt,2017-07-01,1009377.0,Retail
59,Saguache,2017-07-01,,Retail
0,Adams,2017-08-01,1126750.0,Medical
1,Alamosa,2017-08-01,,Medical
2,Arapahoe,2017-08-01,911448.0,Medical
3,Archuleta,2017-08-01,,Medical
4,Boulder,2017-08-01,1883573.0,Medical
5,Chaffee,2017-08-01,,Medical
6,Clear Creek,2017-08-01,43341.0,Medical
7,Costilla,2017-08-01,,Medical
8,Denver,2017-08-01,18574912.0,Medical
9,Eagle,2017-08-01,154928.0,Medical
10,El Paso,2017-08-01,8645974.0,Medical
11,Fremont,2017-08-01,184251.0,Medical
12,Garfield,2017-08-01,325823.0,Medical
13,Gilpin,2017-08-01,,Medical
14,Grand,2017-08-01,,Medical
15,Gunnison,2017-08-01,,Medical
16,Jefferson,2017-08-01,1353370.0,Medical
17,La Plata,2017-08-01,298055.0,Medical
18,Larimer,2017-08-01,1206766.0,Medical
19,Las Animas,2017-08-01,45309.0,Medical
20,Mesa,2017-08-01,,Medical
21,Moffat,2017-08-01,,Medical
22,Montezuma,2017-08-01,93411.0,Medical
23,Montrose,2017-08-01,,Medical
24,Morgan,2017-08-01,,Medical
25,Otero,2017-08-01,,Medical
26,Ouray,2017-08-01,,Medical
27,Park,2017-08-01,,Medical
28,Pitkin,2017-08-01,66581.0,Medical
29,Pueblo,2017-08-01,737016.0,Medical
30,Adams,2017-08-01,5481342.0,Retail
31,Arapahoe,2017-08-01,9187128.0,Retail
32,Archuleta,2017-08-01,776784.0,Retail
33,Boulder,2017-08-01,7401555.0,Retail
34,Chaffee,2017-08-01,614319.0,Retail
35,Clear Creek,2017-08-01,632988.0,Retail
36,Conejos,2017-08-01,571105.0,Retail
37,Costilla,2017-08-01,400679.0,Retail
38,Denver,2017-08-01,35043361.0,Retail
39,Eagle,2017-08-01,1394312.0,Retail
40,El Paso,2017-08-01,,Retail
41,Garfield,2017-08-01,2108270.0,Retail
42,Gilpin,2017-08-01,251283.0,Retail
43,Grand,2017-08-01,426846.0,Retail
44,Gunnison,2017-08-01,809595.0,Retail
45,Huerfano,2017-08-01,,Retail
46,Jefferson,2017-08-01,4474575.0,Retail
47,Lake,2017-08-01,322375.0,Retail
48,La Plata,2017-08-01,2289292.0,Retail
49,Larimer,2017-08-01,5554496.0,Retail
50,Las Animas,2017-08-01,4437323.0,Retail
51,Mesa,2017-08-01,,Retail
52,Montezuma,2017-08-01,1862970.0,Retail
53,Morgan,2017-08-01,964989.0,Retail
54,Ouray,2017-08-01,621133.0,Retail
55,Park,2017-08-01,455141.0,Retail
56,Pitkin,2017-08-01,1205815.0,Retail
57,Pueblo,2017-08-01,3815493.0,Retail
58,Routt,2017-08-01,976301.0,Retail
59,Saguache,2017-08-01,,Retail
0,Adams,2017-09-01,986385.0,Medical
1,Alamosa,2017-09-01,,Medical
2,Arapahoe,2017-09-01,868838.0,Medical
3,Archuleta,2017-09-01,,Medical
4,Boulder,2017-09-01,1867935.0,Medical
5,Chaffee,2017-09-01,,Medical
6,Clear Creek,2017-09-01,45086.0,Medical
7,Costilla,2017-09-01,,Medical
8,Denver,2017-09-01,17531038.0,Medical
9,Eagle,2017-09-01,138445.0,Medical
10,El Paso,2017-09-01,8591074.0,Medical
11,Fremont,2017-09-01,166500.0,Medical
12,Garfield,2017-09-01,320870.0,Medical
13,Gilpin,2017-09-01,,Medical
14,Grand,2017-09-01,,Medical
15,Gunnison,2017-09-01,,Medical
16,Jefferson,2017-09-01,1391833.0,Medical
17,La Plata,2017-09-01,301865.0,Medical
18,Larimer,2017-09-01,1214136.0,Medical
19,Las Animas,2017-09-01,42148.0,Medical
20,Mesa,2017-09-01,,Medical
21,Moffat,2017-09-01,,Medical
22,Montezuma,2017-09-01,74493.0,Medical
23,Montrose,2017-09-01,,Medical
24,Morgan,2017-09-01,,Medical
25,Otero,2017-09-01,,Medical
26,Ouray,2017-09-01,,Medical
27,Park,2017-09-01,,Medical
28,Pitkin,2017-09-01,64771.0,Medical
29,Pueblo,2017-09-01,677550.0,Medical
30,Adams,2017-09-01,5591544.0,Retail
31,Arapahoe,2017-09-01,9476898.0,Retail
32,Archuleta,2017-09-01,715518.0,Retail
33,Boulder,2017-09-01,7089840.0,Retail
34,Chaffee,2017-09-01,547218.0,Retail
35,Clear Creek,2017-09-01,570485.0,Retail
36,Conejos,2017-09-01,555120.0,Retail
37,Costilla,2017-09-01,424241.0,Retail
38,Denver,2017-09-01,34766657.0,Retail
39,Eagle,2017-09-01,1212598.0,Retail
40,El Paso,2017-09-01,,Retail
41,Garfield,2017-09-01,2104540.0,Retail
42,Gilpin,2017-09-01,266428.0,Retail
43,Grand,2017-09-01,355550.0,Retail
44,Gunnison,2017-09-01,728296.0,Retail
45,Huerfano,2017-09-01,,Retail
46,Jefferson,2017-09-01,4335662.0,Retail
47,Lake,2017-09-01,272842.0,Retail
48,La Plata,2017-09-01,2211371.0,Retail
49,Larimer,2017-09-01,5491456.0,Retail
50,Las Animas,2017-09-01,4669330.0,Retail
51,Mesa,2017-09-01,931484.0,Retail
52,Montezuma,2017-09-01,1890596.0,Retail
53,Morgan,2017-09-01,972694.0,Retail
54,Ouray,2017-09-01,641630.0,Retail
55,Park,2017-09-01,401682.0,Retail
56,Pitkin,2017-09-01,1058088.0,Retail
57,Pueblo,2017-09-01,3869882.0,Retail
58,Routt,2017-09-01,924592.0,Retail
59,Saguache,2017-09-01,151900.0,Retail
0,Adams,2017-10-01,948132.0,Medical
1,Alamosa,2017-10-01,,Medical
2,Arapahoe,2017-10-01,927716.0,Medical
3,Archuleta,2017-10-01,,Medical
4,Boulder,2017-10-01,1869460.0,Medical
5,Chaffee,2017-10-01,,Medical
6,Clear Creek,2017-10-01,33021.0,Medical
7,Denver,2017-10-01,16854622.0,Medical
8,Eagle,2017-10-01,121584.0,Medical
9,El Paso,2017-10-01,8153081.0,Medical
10,Fremont,2017-10-01,143271.0,Medical
11,Garfield,2017-10-01,265961.0,Medical
12,Gilpin,2017-10-01,,Medical
13,Grand,2017-10-01,,Medical
14,Gunnison,2017-10-01,,Medical
15,Jefferson,2017-10-01,1469845.0,Medical
16,La Plata,2017-10-01,299503.0,Medical
17,Larimer,2017-10-01,1124315.0,Medical
18,Las Animas,2017-10-01,35561.0,Medical
19,Mesa,2017-10-01,,Medical
20,Moffat,2017-10-01,,Medical
21,Montezuma,2017-10-01,61290.0,Medical
22,Montrose,2017-10-01,,Medical
23,Morgan,2017-10-01,,Medical
24,Otero,2017-10-01,,Medical
25,Ouray,2017-10-01,,Medical
26,Park,2017-10-01,,Medical
27,Pitkin,2017-10-01,57474.0,Medical
28,Pueblo,2017-10-01,538665.0,Medical
29,Routt,2017-10-01,,Medical
30,Adams,2017-10-01,5441728.0,Retail
31,Arapahoe,2017-10-01,9221783.0,Retail
32,Archuleta,2017-10-01,574929.0,Retail
33,Boulder,2017-10-01,6744069.0,Retail
34,Chaffee,2017-10-01,452091.0,Retail
35,Clear Creek,2017-10-01,485097.0,Retail
36,Conejos,2017-10-01,469150.0,Retail
37,Costilla,2017-10-01,356750.0,Retail
38,Denver,2017-10-01,33586096.0,Retail
39,Eagle,2017-10-01,982903.0,Retail
40,El Paso,2017-10-01,,Retail
41,Garfield,2017-10-01,1773496.0,Retail
42,Gilpin,2017-10-01,197522.0,Retail
43,Grand,2017-10-01,,Retail
44,Gunnison,2017-10-01,562053.0,Retail
45,Huerfano,2017-10-01,,Retail
46,Jefferson,2017-10-01,4104272.0,Retail
47,Lake,2017-10-01,205966.0,Retail
48,La Plata,2017-10-01,1971031.0,Retail
49,Larimer,2017-10-01,5315541.0,Retail
50,Las Animas,2017-10-01,4192076.0,Retail
51,Mesa,2017-10-01,1007121.0,Retail
52,Montezuma,2017-10-01,1759476.0,Retail
53,Morgan,2017-10-01,944046.0,Retail
54,Ouray,2017-10-01,504899.0,Retail
55,Park,2017-10-01,344712.0,Retail
56,Pitkin,2017-10-01,703705.0,Retail
57,Pueblo,2017-10-01,3525795.0,Retail
58,Routt,2017-10-01,771913.0,Retail
59,Saguache,2017-10-01,117885.0,Retail
0,Adams,2017-11-01,999483.0,Medical
1,Alamosa,2017-11-01,,Medical
2,Arapahoe,2017-11-01,755136.0,Medical
3,Archuleta,2017-11-01,,Medical
4,Boulder,2017-11-01,1770651.0,Medical
5,Chaffee,2017-11-01,,Medical
6,Clear Creek,2017-11-01,38372.0,Medical
7,Denver,2017-11-01,15704331.0,Medical
8,Eagle,2017-11-01,118682.0,Medical
9,El Paso,2017-11-01,7652843.0,Medical
10,Fremont,2017-11-01,133101.0,Medical
11,Garfield,2017-11-01,243896.0,Medical
12,Gilpin,2017-11-01,,Medical
13,Grand,2017-11-01,,Medical
14,Gunnison,2017-11-01,,Medical
15,Jefferson,2017-11-01,1302651.0,Medical
16,La Plata,2017-11-01,278348.0,Medical
17,Larimer,2017-11-01,1095959.0,Medical
18,Las Animas,2017-11-01,36449.0,Medical
19,Mesa,2017-11-01,,Medical
20,Moffat,2017-11-01,,Medical
21,Montezuma,2017-11-01,54431.0,Medical
22,Montrose,2017-11-01,,Medical
23,Morgan,2017-11-01,,Medical
24,Otero,2017-11-01,,Medical
25,Ouray,2017-11-01,,Medical
26,Park,2017-11-01,,Medical
27,Pitkin,2017-11-01,53994.0,Medical
28,Pueblo,2017-11-01,501175.0,Medical
29,Routt,2017-11-01,,Medical
30,Adams,2017-11-01,5558469.0,Retail
31,Arapahoe,2017-11-01,9034873.0,Retail
32,Archuleta,2017-11-01,508490.0,Retail
33,Boulder,2017-11-01,6329971.0,Retail
34,Chaffee,2017-11-01,347798.0,Retail
35,Clear Creek,2017-11-01,453940.0,Retail
36,Conejos,2017-11-01,424081.0,Retail
37,Costilla,2017-11-01,247946.0,Retail
38,Denver,2017-11-01,31195308.0,Retail
39,Eagle,2017-11-01,980728.0,Retail
40,El Paso,2017-11-01,,Retail
41,Garfield,2017-11-01,1581537.0,Retail
42,Gilpin,2017-11-01,188913.0,Retail
43,Grand,2017-11-01,272045.0,Retail
44,Gunnison,2017-11-01,433357.0,Retail
45,Huerfano,2017-11-01,,Retail
46,Jefferson,2017-11-01,3678694.0,Retail
47,Lake,2017-11-01,174191.0,Retail
48,La Plata,2017-11-01,1753119.0,Retail
49,Larimer,2017-11-01,5125412.0,Retail
50,Las Animas,2017-11-01,3956545.0,Retail
51,Mesa,2017-11-01,963023.0,Retail
52,Montezuma,2017-11-01,1658451.0,Retail
53,Morgan,2017-11-01,880963.0,Retail
54,Ouray,2017-11-01,,Retail
55,Park,2017-11-01,323525.0,Retail
56,Pitkin,2017-11-01,571977.0,Retail
57,Pueblo,2017-11-01,3320340.0,Retail
58,Routt,2017-11-01,661206.0,Retail
59,Saguache,2017-11-01,95793.0,Retail
